trade_id,user_id,entry_time,entry_price,qty,unmanaged_max_drawdown_pct,unmanaged_pnl,sl_2_triggered,sl_2_pnl,sl_2_exit_time,sl_2_saved_capital,sl_5_triggered,sl_5_pnl,sl_5_exit_time,sl_5_saved_capital,sl_10_triggered,sl_10_pnl,sl_10_exit_time,sl_10_saved_capital
TRD_800342,USR_RET_013,2026-09-07 09:07:00,7064004.5004,0.0581,-2.76,-7715.48,True,-10837.15,2026-09-08 12:30:00,-3121.67,False,-7715.48,,0.0,False,-7715.48,,0.0
TRD_800184,USR_RET_008,2026-09-07 09:08:00,7057664.648,0.0368,-2.67,-4652.68,True,-6857.99,2026-09-08 18:30:00,-2205.31,False,-4652.68,,0.0,False,-4652.68,,0.0
TRD_800260,USR_RET_010,2026-09-07 11:49:00,7064650.0703,0.017,-2.76,-1484.69,True,-3171.23,2026-09-08 12:30:00,-1686.54,False,-1484.69,,0.0,False,-1484.69,,0.0
TRD_800203,USR_RET_009,2026-09-07 13:46:00,7037238.3381,0.0418,-2.39,-506.3,True,-7767.23,2026-09-08 18:30:00,-7260.93,False,-506.3,,0.0,False,-506.3,,0.0
TRD_800063,USR_RET_003,2026-09-07 18:56:00,7035293.6602,0.0057,-2.36,-339.06,True,-1058.88,2026-09-08 18:30:00,-719.82,False,-339.06,,0.0,False,-339.06,,0.0
TRD_800222,USR_RET_009,2026-09-08 03:55:00,7010326.8021,0.0245,-2.01,-3481.18,True,-4535.16,2026-09-08 18:30:00,-1053.98,False,-3481.18,,0.0,False,-3481.18,,0.0
TRD_800326,USR_RET_013,2026-09-08 05:58:00,7025524.8668,0.0157,-2.22,-2113.77,True,-2912.5,2026-09-08 18:30:00,-798.73,False,-2113.77,,0.0,False,-2113.77,,0.0
TRD_800159,USR_RET_007,2026-09-08 07:39:00,6999276.4968,0.0445,-1.86,-4120.83,False,-4120.83,,0.0,False,-4120.83,,0.0,False,-4120.83,,0.0
TRD_800216,USR_RET_009,2026-09-08 08:46:00,7003457.0768,0.0161,-1.91,-1600.92,False,-1600.92,,0.0,False,-1600.92,,0.0,False,-1600.92,,0.0
TRD_800397,USR_RET_015,2026-09-08 12:33:00,6966493.971,0.026,-1.39,-2117.65,False,-2117.65,,0.0,False,-2117.65,,0.0,False,-2117.65,,0.0
TRD_800316,USR_RET_013,2026-09-08 19:55:00,6957397.4553,0.0368,-2.47,-4940.92,True,-6760.56,2026-09-10 17:30:00,-1819.64,False,-4940.92,,0.0,False,-4940.92,,0.0
TRD_800286,USR_RET_012,2026-09-08 20:01:00,6974780.5191,0.0124,-2.71,-1881.29,True,-2283.71,2026-09-10 17:30:00,-402.42,False,-1881.29,,0.0,False,-1881.29,,0.0
TRD_800296,USR_RET_012,2026-09-09 00:44:00,6962604.1659,0.0115,-2.54,-1859.79,True,-2114.25,2026-09-10 17:30:00,-254.46,False,-1859.79,,0.0,False,-1859.79,,0.0
TRD_800205,USR_RET_009,2026-09-09 05:36:00,6994562.6615,0.0083,-3.25,-1793.88,True,-1532.94,2026-09-10 17:30:00,260.94,False,-1793.88,,0.0,False,-1793.88,,0.0
TRD_800270,USR_RET_011,2026-09-09 09:14:00,6967119.2953,0.0382,-2.87,-7260.42,True,-7027.56,2026-09-10 17:30:00,232.86,False,-7260.42,,0.0,False,-7260.42,,0.0
TRD_800345,USR_RET_014,2026-09-09 11:14:00,6991009.8062,0.0897,-3.2,-16333.99,True,-16558.47,2026-09-10 17:30:00,-224.48,False,-16333.99,,0.0,False,-16333.99,,0.0
TRD_800235,USR_RET_009,2026-09-09 12:23:00,7022387.533,0.0318,-3.64,-6665.38,True,-5896.57,2026-09-10 16:30:00,768.81,False,-6665.38,,0.0,False,-6665.38,,0.0
TRD_800155,USR_RET_007,2026-09-09 12:37:00,7025875.0286,0.0212,-3.68,-4644.11,True,-3933.0,2026-09-10 03:30:00,711.11,False,-4644.11,,0.0,False,-4644.11,,0.0
TRD_800126,USR_RET_006,2026-09-09 15:00:00,7335916.804,0.0103,-7.75,-5634.55,True,-1995.17,2026-09-09 15:30:00,3639.38,True,-4251.78,2026-09-09 16:30:00,1382.77,False,-5634.55,,0.0
TRD_800106,USR_RET_005,2026-09-09 15:20:00,6996336.3138,0.0648,-3.28,-13355.58,True,-11971.08,2026-09-10 17:30:00,1384.5,False,-13355.58,,0.0,False,-13355.58,,0.0
TRD_800050,USR_RET_003,2026-09-09 16:02:00,6993500.6322,0.0258,-3.24,-5355.36,True,-4764.33,2026-09-10 17:30:00,591.03,False,-5355.36,,0.0,False,-5355.36,,0.0
TRD_800160,USR_RET_007,2026-09-09 16:44:00,7031472.7596,0.0195,-3.76,-4717.09,True,-3620.5,2026-09-10 03:30:00,1096.59,False,-4717.09,,0.0,False,-4717.09,,0.0
TRD_800250,USR_RET_010,2026-09-09 19:10:00,7015857.7818,0.0114,-4.07,-352.88,True,-2111.9,2026-09-10 16:30:00,-1759.02,False,-352.88,,0.0,False,-352.88,,0.0
TRD_800138,USR_RET_006,2026-09-09 19:47:00,7006650.9015,0.0139,-3.95,-848.03,True,-2571.66,2026-09-10 17:30:00,-1723.63,False,-848.03,,0.0,False,-848.03,,0.0
TRD_800028,USR_RET_002,2026-09-09 21:03:00,6965546.0811,0.0305,-3.38,-3480.18,True,-5609.74,2026-09-10 17:30:00,-2129.56,False,-3480.18,,0.0,False,-3480.18,,0.0
TRD_800067,USR_RET_003,2026-09-09 21:49:00,6990971.8108,0.0211,-3.73,-2603.1,True,-3895.0,2026-09-10 17:30:00,-1291.9,False,-2603.1,,0.0,False,-2603.1,,0.0
TRD_800124,USR_RET_006,2026-09-09 23:20:00,6979345.7296,0.0404,-3.57,-5878.37,True,-7445.33,2026-09-10 17:30:00,-1566.96,False,-5878.37,,0.0,False,-5878.37,,0.0
TRD_800029,USR_RET_002,2026-09-09 23:46:00,6945227.9109,0.0216,-3.1,-3320.56,True,-3961.21,2026-09-10 17:30:00,-640.65,False,-3320.56,,0.0,False,-3320.56,,0.0
TRD_800073,USR_RET_004,2026-09-10 01:38:00,6954554.7396,0.0225,-3.23,-3101.45,True,-4131.8,2026-09-10 17:30:00,-1030.35,False,-3101.45,,0.0,False,-3101.45,,0.0
TRD_800283,USR_RET_012,2026-09-10 03:19:00,6924133.2711,0.0118,-2.8,-1507.7,True,-2157.42,2026-09-11 04:30:00,-649.72,False,-1507.7,,0.0,False,-1507.7,,0.0
TRD_800325,USR_RET_013,2026-09-10 03:32:00,6905934.101,0.0562,-2.55,-5945.0,True,-10248.18,2026-09-11 04:30:00,-4303.18,False,-5945.0,,0.0,False,-5945.0,,0.0
TRD_800211,USR_RET_009,2026-09-10 06:54:00,6932052.957,0.0094,-2.91,-1139.06,True,-1720.59,2026-09-10 17:30:00,-581.53,False,-1139.06,,0.0,False,-1139.06,,0.0
TRD_800019,USR_RET_001,2026-09-10 10:37:00,6961619.6331,0.0818,-3.33,-12734.06,True,-15036.66,2026-09-10 17:30:00,-2302.6,False,-12734.06,,0.0,False,-12734.06,,0.0
TRD_800380,USR_RET_015,2026-09-10 11:46:00,6955084.4821,0.0602,-3.23,-8594.38,True,-11055.71,2026-09-10 17:30:00,-2461.33,False,-8594.38,,0.0,False,-8594.38,,0.0
TRD_800396,USR_RET_015,2026-09-10 13:16:00,6924663.9504,0.0125,-2.81,-1425.09,True,-2285.58,2026-09-10 17:30:00,-860.49,False,-1425.09,,0.0,False,-1425.09,,0.0
TRD_800057,USR_RET_003,2026-09-10 20:39:00,6855083.8875,0.0099,-1.82,-339.98,False,-339.98,,0.0,False,-339.98,,0.0,False,-339.98,,0.0
TRD_800240,USR_RET_010,2026-09-11 06:15:00,6822064.9585,0.0121,-1.35,-126.15,False,-126.15,,0.0,False,-126.15,,0.0,False,-126.15,,0.0
TRD_800251,USR_RET_010,2026-09-11 11:09:00,6846449.7394,0.0292,-1.7,-900.46,False,-900.46,,0.0,False,-900.46,,0.0,False,-900.46,,0.0
TRD_800359,USR_RET_014,2026-09-11 11:40:00,6853187.458,0.0709,-1.8,-3918.8,False,-3918.8,,0.0,False,-3918.8,,0.0,False,-3918.8,,0.0
TRD_800337,USR_RET_013,2026-09-11 12:49:00,6843118.8503,0.0257,-1.65,-1147.87,False,-1147.87,,0.0,False,-1147.87,,0.0,False,-1147.87,,0.0
TRD_800192,USR_RET_008,2026-09-11 14:45:00,6827080.6821,0.082,-1.42,-4664.17,False,-4664.17,,0.0,False,-4664.17,,0.0,False,-4664.17,,0.0
TRD_800237,USR_RET_009,2026-09-11 15:33:00,6824123.4789,0.0443,-1.38,-2900.76,False,-2900.76,,0.0,False,-2900.76,,0.0,False,-2900.76,,0.0
TRD_800344,USR_RET_013,2026-09-11 16:46:00,6826559.6256,0.0084,-1.41,-485.06,False,-485.06,,0.0,False,-485.06,,0.0,False,-485.06,,0.0
TRD_800193,USR_RET_008,2026-09-11 17:57:00,6922493.8221,0.0194,-2.2,-3038.6,True,-3546.11,2026-09-13 14:30:00,-507.51,False,-3038.6,,0.0,False,-3038.6,,0.0
TRD_800084,USR_RET_004,2026-09-11 18:14:00,6927327.9658,0.0184,-2.27,-2971.28,True,-3365.67,2026-09-13 14:30:00,-394.39,False,-2971.28,,0.0,False,-2971.28,,0.0
TRD_800150,USR_RET_007,2026-09-11 18:32:00,7017174.3399,0.0306,-3.52,-7458.77,True,-5669.85,2026-09-11 20:30:00,1788.92,False,-7458.77,,0.0,False,-7458.77,,0.0
TRD_800022,USR_RET_001,2026-09-11 21:17:00,6897190.3157,0.0606,-1.84,-5959.81,False,-5959.81,,0.0,False,-5959.81,,0.0,False,-5959.81,,0.0
TRD_800249,USR_RET_010,2026-09-11 22:49:00,6868620.759,0.0351,-1.43,-1842.19,False,-1842.19,,0.0,False,-1842.19,,0.0,False,-1842.19,,0.0
TRD_800038,USR_RET_002,2026-09-12 02:01:00,6861642.0318,0.0319,-1.33,-1396.89,False,-1396.89,,0.0,False,-1396.89,,0.0,False,-1396.89,,0.0
TRD_800389,USR_RET_015,2026-09-12 02:03:00,6865748.7502,0.0295,-1.39,-1413.43,False,-1413.43,,0.0,False,-1413.43,,0.0,False,-1413.43,,0.0
TRD_800391,USR_RET_015,2026-09-12 03:33:00,6848258.325,0.0928,-1.14,-8023.71,False,-8023.71,,0.0,False,-8023.71,,0.0,False,-8023.71,,0.0
TRD_800347,USR_RET_014,2026-09-12 04:32:00,6857711.6631,0.0125,-1.28,-1057.81,False,-1057.81,,0.0,False,-1057.81,,0.0,False,-1057.81,,0.0
TRD_800190,USR_RET_008,2026-09-12 07:54:00,6853667.976,0.0172,-1.36,-231.9,False,-231.9,,0.0,False,-231.9,,0.0,False,-231.9,,0.0
TRD_800297,USR_RET_012,2026-09-12 10:06:00,6858133.1218,0.0271,-1.43,-290.73,False,-290.73,,0.0,False,-290.73,,0.0,False,-290.73,,0.0
TRD_800262,USR_RET_011,2026-09-12 12:17:00,6861345.5424,0.0144,-1.47,-313.88,False,-313.88,,0.0,False,-313.88,,0.0,False,-313.88,,0.0
TRD_800351,USR_RET_014,2026-09-12 15:18:00,6857747.2058,0.0166,-1.42,503.82,False,503.82,,0.0,False,503.82,,0.0,False,503.82,,0.0
TRD_800152,USR_RET_007,2026-09-12 19:17:00,6864739.0563,0.0344,-1.52,883.08,False,883.08,,0.0,False,883.08,,0.0,False,883.08,,0.0
TRD_800195,USR_RET_008,2026-09-12 20:17:00,6868344.8475,0.0313,-1.57,1668.15,False,1668.15,,0.0,False,1668.15,,0.0,False,1668.15,,0.0
TRD_800360,USR_RET_014,2026-09-12 20:38:00,6865967.9681,0.0497,-1.54,3017.93,False,3017.93,,0.0,False,3017.93,,0.0,False,3017.93,,0.0
TRD_800206,USR_RET_009,2026-09-13 03:04:00,6852224.4013,0.0279,-1.34,2523.13,False,2523.13,,0.0,False,2523.13,,0.0,False,2523.13,,0.0
TRD_800042,USR_RET_002,2026-09-13 06:58:00,7116530.0388,0.0349,-5.0,-8699.37,True,-6558.15,2026-09-13 07:30:00,2141.22,True,-13975.67,2026-09-14 05:30:00,-5276.3,False,-8699.37,,0.0
TRD_800011,USR_RET_001,2026-09-13 16:48:00,7112139.9149,0.0668,-4.95,-22137.36,True,-12544.82,2026-09-13 17:30:00,9592.54,False,-22137.36,,0.0,False,-22137.36,,0.0
TRD_800265,USR_RET_011,2026-09-13 17:14:00,6809712.5606,0.0071,-0.72,-197.1,False,-197.1,,0.0,False,-197.1,,0.0,False,-197.1,,0.0
TRD_800043,USR_RET_002,2026-09-13 17:24:00,6814469.8449,0.0139,-0.79,-452.26,False,-452.26,,0.0,False,-452.26,,0.0,False,-452.26,,0.0
TRD_800137,USR_RET_006,2026-09-13 22:47:00,6855245.329,0.0202,-2.4,-1444.89,True,-3656.47,2026-09-15 19:30:00,-2211.58,False,-1444.89,,0.0,False,-1444.89,,0.0
TRD_800299,USR_RET_012,2026-09-14 03:17:00,6853413.9456,0.0411,-3.19,-8349.95,True,-7437.66,2026-09-15 19:30:00,912.29,False,-8349.95,,0.0,False,-8349.95,,0.0
TRD_800129,USR_RET_006,2026-09-14 03:50:00,6802088.4591,0.007,-2.46,-928.75,True,-1257.27,2026-09-15 23:30:00,-328.52,False,-928.75,,0.0,False,-928.75,,0.0
TRD_800081,USR_RET_004,2026-09-14 12:44:00,6897599.3179,0.0144,-3.81,-3165.74,True,-2622.7,2026-09-15 18:30:00,543.04,False,-3165.74,,0.0,False,-3165.74,,0.0
TRD_800053,USR_RET_003,2026-09-14 15:36:00,7113297.171,0.0131,-6.73,-5457.69,True,-2460.54,2026-09-14 16:30:00,2997.15,True,-5243.5,2026-09-15 18:30:00,214.19,False,-5457.69,,0.0
TRD_800163,USR_RET_007,2026-09-14 16:40:00,6905202.1632,0.0166,-3.92,-3065.99,True,-3026.72,2026-09-15 18:30:00,39.27,False,-3065.99,,0.0,False,-3065.99,,0.0
TRD_800196,USR_RET_008,2026-09-15 01:21:00,7008779.7489,0.0719,-5.34,-21838.54,True,-13306.36,2026-09-15 09:30:00,8532.18,True,-28356.34,2026-09-15 23:30:00,-6517.8,False,-21838.54,,0.0
TRD_800113,USR_RET_005,2026-09-15 04:51:00,6930816.6771,0.0288,-4.27,-6172.07,True,-5270.66,2026-09-15 13:30:00,901.41,False,-6172.07,,0.0,False,-6172.07,,0.0
TRD_800263,USR_RET_011,2026-09-15 05:18:00,6934276.5497,0.0168,-4.32,-3658.73,True,-3076.08,2026-09-15 13:30:00,582.65,False,-3658.73,,0.0,False,-3658.73,,0.0
TRD_800041,USR_RET_002,2026-09-15 05:20:00,6942580.2438,0.0131,-4.44,-2962.15,True,-2401.49,2026-09-15 13:30:00,560.66,False,-2962.15,,0.0,False,-2962.15,,0.0
TRD_800276,USR_RET_011,2026-09-15 07:54:00,6917429.3855,0.0532,-4.09,-9913.99,True,-9717.27,2026-09-15 18:30:00,196.72,False,-9913.99,,0.0,False,-9913.99,,0.0
TRD_800236,USR_RET_009,2026-09-15 08:21:00,6900190.975,0.0385,-3.85,-6508.27,True,-7014.71,2026-09-15 18:30:00,-506.44,False,-6508.27,,0.0,False,-6508.27,,0.0
TRD_800274,USR_RET_011,2026-09-15 08:39:00,6897099.1799,0.0289,-3.8,-4611.62,True,-5263.23,2026-09-15 18:30:00,-651.61,False,-4611.62,,0.0,False,-4611.62,,0.0
TRD_800036,USR_RET_002,2026-09-15 10:13:00,6870181.8721,0.0292,-3.43,-3617.57,True,-5297.11,2026-09-15 19:30:00,-1679.54,False,-3617.57,,0.0,False,-3617.57,,0.0
TRD_800088,USR_RET_004,2026-09-15 13:23:00,6818518.3438,0.0308,-2.7,-2428.22,True,-5545.34,2026-09-15 23:30:00,-3117.12,False,-2428.22,,0.0,False,-2428.22,,0.0
TRD_800061,USR_RET_003,2026-09-15 13:43:00,6828811.3369,0.0725,-2.84,-5747.21,True,-13072.87,2026-09-15 19:30:00,-7325.66,False,-5747.21,,0.0,False,-5747.21,,0.0
TRD_800179,USR_RET_008,2026-09-15 17:37:00,6825735.6795,0.0697,-2.8,-4310.97,True,-12562.33,2026-09-15 23:30:00,-8251.36,False,-4310.97,,0.0,False,-4310.97,,0.0
TRD_800323,USR_RET_013,2026-09-15 17:51:00,6830503.2059,0.0111,-2.87,-739.67,True,-2002.0,2026-09-15 19:30:00,-1262.33,False,-739.67,,0.0,False,-739.67,,0.0
TRD_800273,USR_RET_011,2026-09-15 23:14:00,6826802.6151,0.0983,-2.81,-6783.11,True,-17719.79,2026-09-15 23:30:00,-10936.68,False,-6783.11,,0.0,False,-6783.11,,0.0
TRD_800327,USR_RET_013,2026-09-16 02:09:00,6739085.4925,0.0083,-1.42,76.07,False,76.07,,0.0,False,76.07,,0.0,False,76.07,,0.0
TRD_800281,USR_RET_011,2026-09-16 04:09:00,6716038.1922,0.0083,-1.08,168.22,False,168.22,,0.0,False,168.22,,0.0,False,168.22,,0.0
TRD_800319,USR_RET_013,2026-09-16 15:13:00,6746229.1796,0.025,-1.53,3713.72,False,3713.72,,0.0,False,3713.72,,0.0,False,3713.72,,0.0
TRD_800164,USR_RET_007,2026-09-16 17:51:00,6746025.8832,0.009,-1.52,1204.25,False,1204.25,,0.0,False,1204.25,,0.0,False,1204.25,,0.0
TRD_800295,USR_RET_012,2026-09-16 23:10:00,6724244.1979,0.0305,-1.2,12780.73,False,12780.73,,0.0,False,12780.73,,0.0,False,12780.73,,0.0
TRD_800254,USR_RET_010,2026-09-16 23:17:00,6721562.0103,0.0112,-1.17,4723.41,False,4723.41,,0.0,False,4723.41,,0.0,False,4723.41,,0.0
TRD_800341,USR_RET_013,2026-09-17 01:51:00,6757289.1911,0.0143,-0.94,5633.02,False,5633.02,,0.0,False,5633.02,,0.0,False,5633.02,,0.0
TRD_800074,USR_RET_004,2026-09-17 02:35:00,6735978.9768,0.009,-0.63,3839.92,False,3839.92,,0.0,False,3839.92,,0.0,False,3839.92,,0.0
TRD_800188,USR_RET_008,2026-09-17 03:32:00,6702673.2323,0.0492,-0.12,22204.91,False,22204.91,,0.0,False,22204.91,,0.0,False,22204.91,,0.0
TRD_800399,USR_RET_015,2026-09-17 06:08:00,6774577.2499,0.0068,-0.72,2897.0,False,2897.0,,0.0,False,2897.0,,0.0,False,2897.0,,0.0
TRD_800375,USR_RET_015,2026-09-17 10:55:00,6763655.0381,0.02,-0.56,7626.62,False,7626.62,,0.0,False,7626.62,,0.0,False,7626.62,,0.0
TRD_800238,USR_RET_010,2026-09-17 11:52:00,6785851.7862,0.0051,-0.88,1836.55,False,1836.55,,0.0,False,1836.55,,0.0,False,1836.55,,0.0
TRD_800174,USR_RET_007,2026-09-17 12:46:00,6777104.6914,0.0367,-0.75,13694.64,False,13694.64,,0.0,False,13694.64,,0.0,False,13694.64,,0.0
TRD_800353,USR_RET_014,2026-09-17 19:38:00,6786716.8325,0.0055,-0.56,2235.74,False,2235.74,,0.0,False,2235.74,,0.0,False,2235.74,,0.0
TRD_800002,USR_RET_001,2026-09-17 22:12:00,6812379.9855,0.0731,-0.93,29471.39,False,29471.39,,0.0,False,29471.39,,0.0,False,29471.39,,0.0
TRD_800305,USR_RET_012,2026-09-18 01:02:00,6792127.0248,0.0455,-0.63,17314.31,False,17314.31,,0.0,False,17314.31,,0.0,False,17314.31,,0.0
TRD_800379,USR_RET_015,2026-09-18 01:44:00,6780627.0505,0.0807,-0.47,30221.92,False,30221.92,,0.0,False,30221.92,,0.0,False,30221.92,,0.0
TRD_800372,USR_RET_015,2026-09-18 03:22:00,6774975.7699,0.0231,-0.38,8669.68,False,8669.68,,0.0,False,8669.68,,0.0,False,8669.68,,0.0
TRD_800194,USR_RET_008,2026-09-18 05:00:00,6776431.1958,0.0278,-0.36,10761.02,False,10761.02,,0.0,False,10761.02,,0.0,False,10761.02,,0.0
TRD_800006,USR_RET_001,2026-09-18 05:56:00,6786348.858,0.053,-0.21,20191.36,False,20191.36,,0.0,False,20191.36,,0.0,False,20191.36,,0.0
TRD_800220,USR_RET_009,2026-09-18 08:38:00,6864188.5003,0.0245,-0.44,5669.28,False,5669.28,,0.0,False,5669.28,,0.0,False,5669.28,,0.0
TRD_800234,USR_RET_009,2026-09-18 13:46:00,6949251.9479,0.0313,-0.71,3956.02,False,3956.02,,0.0,False,3956.02,,0.0,False,3956.02,,0.0
TRD_800387,USR_RET_015,2026-09-18 14:54:00,6943912.5262,0.0565,-0.62,8469.79,False,8469.79,,0.0,False,8469.79,,0.0,False,8469.79,,0.0
TRD_800005,USR_RET_001,2026-09-18 19:34:00,7184486.9489,0.0133,-1.3,-969.13,False,-969.13,,0.0,False,-969.13,,0.0,False,-969.13,,0.0
TRD_800315,USR_RET_013,2026-09-18 23:19:00,7177351.6815,0.0074,-1.2,-181.07,False,-181.07,,0.0,False,-181.07,,0.0,False,-181.07,,0.0
TRD_800355,USR_RET_014,2026-09-19 03:03:00,7199646.113,0.0143,-1.51,-943.25,False,-943.25,,0.0,False,-943.25,,0.0,False,-943.25,,0.0
TRD_800040,USR_RET_002,2026-09-19 04:50:00,7171823.1177,0.028,-1.12,-455.21,False,-455.21,,0.0,False,-455.21,,0.0,False,-455.21,,0.0
TRD_800052,USR_RET_003,2026-09-19 07:23:00,7204157.6664,0.1104,-1.57,-7147.57,False,-7147.57,,0.0,False,-7147.57,,0.0,False,-7147.57,,0.0
TRD_800279,USR_RET_011,2026-09-19 07:23:00,7201999.6561,0.0079,-1.54,-494.35,False,-494.35,,0.0,False,-494.35,,0.0,False,-494.35,,0.0
TRD_800383,USR_RET_015,2026-09-19 12:48:00,7182388.3149,0.0393,-1.27,829.35,False,829.35,,0.0,False,829.35,,0.0,False,829.35,,0.0
TRD_800300,USR_RET_012,2026-09-19 14:21:00,7209785.4995,0.0069,-1.65,1201.53,False,1201.53,,0.0,False,1201.53,,0.0,False,1201.53,,0.0
TRD_800176,USR_RET_007,2026-09-19 16:08:00,7209959.7516,0.0245,-1.65,5740.28,False,5740.28,,0.0,False,5740.28,,0.0,False,5740.28,,0.0
TRD_800023,USR_RET_001,2026-09-19 16:52:00,7531302.4597,0.0096,-5.84,-469.55,True,-1909.1,2026-09-19 17:30:00,-1439.55,True,-4068.37,2026-09-20 07:30:00,-3598.82,False,-469.55,,0.0
TRD_800239,USR_RET_010,2026-09-19 19:50:00,7231914.464,0.0322,-1.95,10830.93,False,10830.93,,0.0,False,10830.93,,0.0,False,10830.93,,0.0
TRD_800394,USR_RET_015,2026-09-20 01:55:00,7187992.5024,0.0202,-1.35,9754.66,False,9754.66,,0.0,False,9754.66,,0.0,False,9754.66,,0.0
TRD_800111,USR_RET_005,2026-09-20 03:45:00,7195944.4527,0.0101,-1.46,4306.92,False,4306.92,,0.0,False,4306.92,,0.0,False,4306.92,,0.0
TRD_800151,USR_RET_007,2026-09-20 05:12:00,7210038.8001,0.0149,-1.65,6362.17,False,6362.17,,0.0,False,6362.17,,0.0,False,6362.17,,0.0
TRD_800371,USR_RET_015,2026-09-20 09:44:00,7128944.8011,0.007,-0.48,2835.29,False,2835.29,,0.0,False,2835.29,,0.0,False,2835.29,,0.0
TRD_800153,USR_RET_007,2026-09-20 09:52:00,7132503.9348,0.0093,-0.53,3733.65,False,3733.65,,0.0,False,3733.65,,0.0,False,3733.65,,0.0
TRD_800020,USR_RET_001,2026-09-21 01:08:00,7196405.9478,0.0407,-0.9,16395.56,False,16395.56,,0.0,False,16395.56,,0.0,False,16395.56,,0.0
TRD_800147,USR_RET_006,2026-09-21 05:10:00,7208679.4602,0.0684,-0.74,26808.93,False,26808.93,,0.0,False,26808.93,,0.0,False,26808.93,,0.0
TRD_800096,USR_RET_005,2026-09-21 07:08:00,7180417.8391,0.0064,-0.22,2781.48,False,2781.48,,0.0,False,2781.48,,0.0,False,2781.48,,0.0
TRD_800103,USR_RET_005,2026-09-21 09:13:00,7216221.441,0.0141,-0.38,6038.21,False,6038.21,,0.0,False,6038.21,,0.0,False,6038.21,,0.0
TRD_800230,USR_RET_009,2026-09-21 13:49:00,7434257.004,0.0284,-0.36,3923.6,False,3923.6,,0.0,False,3923.6,,0.0,False,3923.6,,0.0
TRD_800045,USR_RET_002,2026-09-21 14:10:00,7421655.312,0.0176,-0.19,2654.21,False,2654.21,,0.0,False,2654.21,,0.0,False,2654.21,,0.0
TRD_800374,USR_RET_015,2026-09-21 15:32:00,7489537.4576,0.0478,-0.28,4048.47,False,4048.47,,0.0,False,4048.47,,0.0,False,4048.47,,0.0
TRD_800253,USR_RET_010,2026-09-21 17:22:00,7532048.8574,0.0075,-0.39,133.83,False,133.83,,0.0,False,133.83,,0.0,False,133.83,,0.0
TRD_800062,USR_RET_003,2026-09-21 21:56:00,7621322.7673,0.0235,-3.04,-5039.46,True,-4729.18,2026-09-23 19:30:00,310.28,False,-5039.46,,0.0,False,-5039.46,,0.0
TRD_800158,USR_RET_007,2026-09-22 03:16:00,7667661.5032,0.0202,-3.62,-4589.6,True,-4089.8,2026-09-23 19:30:00,499.8,False,-4589.6,,0.0,False,-4589.6,,0.0
TRD_800256,USR_RET_010,2026-09-22 05:54:00,7627932.4824,0.0089,-3.12,-1747.08,True,-1792.61,2026-09-23 19:30:00,-45.53,False,-1747.08,,0.0,False,-1747.08,,0.0
TRD_800116,USR_RET_005,2026-09-22 08:35:00,7605808.5198,0.0241,-2.84,-5014.53,True,-4840.05,2026-09-23 19:30:00,174.48,False,-5014.53,,0.0,False,-5014.53,,0.0
TRD_800312,USR_RET_013,2026-09-22 13:09:00,7575602.832,0.0327,-2.45,-4104.81,True,-6541.13,2026-09-23 19:30:00,-2436.32,False,-4104.81,,0.0,False,-4104.81,,0.0
TRD_800009,USR_RET_001,2026-09-22 13:40:00,7636908.2879,0.0235,-3.47,-6193.33,True,-4738.85,2026-09-23 19:30:00,1454.48,False,-6193.33,,0.0,False,-6193.33,,0.0
TRD_800219,USR_RET_009,2026-09-22 16:05:00,7628352.5136,0.0288,-3.85,-7719.44,True,-5801.11,2026-09-23 19:30:00,1918.33,False,-7719.44,,0.0,False,-7719.44,,0.0
TRD_800099,USR_RET_005,2026-09-22 20:10:00,7656735.3867,0.0058,-4.21,-1636.96,True,-1172.63,2026-09-23 19:30:00,464.33,False,-1636.96,,0.0,False,-1636.96,,0.0
TRD_800025,USR_RET_002,2026-09-23 00:45:00,7633370.5617,0.0139,-3.92,-2688.04,True,-2801.68,2026-09-23 19:30:00,-113.64,False,-2688.04,,0.0,False,-2688.04,,0.0
TRD_800058,USR_RET_003,2026-09-23 07:07:00,7650624.3705,0.0167,-4.13,-3226.06,True,-3373.66,2026-09-23 19:30:00,-147.6,False,-3226.06,,0.0,False,-3226.06,,0.0
TRD_800322,USR_RET_013,2026-09-23 09:53:00,7718903.64,0.0473,-4.98,-14065.62,True,-9640.61,2026-09-23 16:30:00,4425.01,False,-14065.62,,0.0,False,-14065.62,,0.0
TRD_800377,USR_RET_015,2026-09-23 15:07:00,7620142.7188,0.0509,-3.75,-8458.43,True,-10241.62,2026-09-23 19:30:00,-1783.19,False,-8458.43,,0.0,False,-8458.43,,0.0
TRD_800381,USR_RET_015,2026-09-23 16:35:00,7589874.6017,0.0541,-3.37,-7285.67,True,-10842.26,2026-09-23 19:30:00,-3556.59,False,-7285.67,,0.0,False,-7285.67,,0.0
TRD_800304,USR_RET_012,2026-09-23 19:19:00,7609296.5893,0.0256,-3.61,-5439.63,True,-5143.66,2026-09-23 19:30:00,295.97,False,-5439.63,,0.0,False,-5439.63,,0.0
TRD_800187,USR_RET_008,2026-09-24 08:14:00,7474563.2753,0.0256,-1.87,-1781.16,False,-1781.16,,0.0,False,-1781.16,,0.0,False,-1781.16,,0.0
TRD_800024,USR_RET_001,2026-09-24 15:03:00,7388018.6099,0.1523,-0.39,2798.04,False,2798.04,,0.0,False,2798.04,,0.0,False,2798.04,,0.0
TRD_800370,USR_RET_015,2026-09-24 23:43:00,7487341.0753,0.0101,-1.68,-842.41,False,-842.41,,0.0,False,-842.41,,0.0,False,-842.41,,0.0
TRD_800382,USR_RET_015,2026-09-24 23:53:00,7500050.491,0.0657,-1.84,-6318.21,False,-6318.21,,0.0,False,-6318.21,,0.0,False,-6318.21,,0.0
TRD_800149,USR_RET_007,2026-09-25 10:14:00,7459861.2939,0.0087,-1.32,-230.82,False,-230.82,,0.0,False,-230.82,,0.0,False,-230.82,,0.0
TRD_800060,USR_RET_003,2026-09-25 10:17:00,7474020.8708,0.0197,-1.5,-802.72,False,-802.72,,0.0,False,-802.72,,0.0,False,-802.72,,0.0
TRD_800109,USR_RET_005,2026-09-25 11:49:00,7443879.4674,0.0237,-1.1,133.42,False,133.42,,0.0,False,133.42,,0.0,False,133.42,,0.0
TRD_800101,USR_RET_005,2026-09-25 12:04:00,7443135.7488,0.0329,-1.09,209.78,False,209.78,,0.0,False,209.78,,0.0,False,209.78,,0.0
TRD_800289,USR_RET_012,2026-09-25 12:21:00,7442392.0302,0.0379,-1.08,269.96,False,269.96,,0.0,False,269.96,,0.0,False,269.96,,0.0
TRD_800082,USR_RET_004,2026-09-25 12:32:00,7458716.5533,0.0071,-1.3,109.71,False,109.71,,0.0,False,109.71,,0.0,False,109.71,,0.0
TRD_800378,USR_RET_015,2026-09-25 17:03:00,7505774.6618,0.0184,-1.92,-410.78,False,-410.78,,0.0,False,-410.78,,0.0,False,-410.78,,0.0
TRD_800307,USR_RET_012,2026-09-25 20:36:00,7420396.4531,0.023,-0.26,573.39,False,573.39,,0.0,False,573.39,,0.0,False,573.39,,0.0
TRD_800175,USR_RET_007,2026-09-25 22:42:00,7429812.1995,0.0753,-0.38,1902.65,False,1902.65,,0.0,False,1902.65,,0.0,False,1902.65,,0.0
TRD_800157,USR_RET_007,2026-09-26 00:32:00,7698253.5972,0.0246,-3.86,-5655.78,True,-5000.52,2026-09-26 01:30:00,655.26,False,-5655.78,,0.0,False,-5655.78,,0.0
TRD_800362,USR_RET_014,2026-09-26 10:20:00,7454171.628,0.0064,-1.21,-608.67,False,-608.67,,0.0,False,-608.67,,0.0,False,-608.67,,0.0
TRD_800115,USR_RET_005,2026-09-26 11:01:00,7431348.7005,0.0139,-1.51,-1380.12,False,-1380.12,,0.0,False,-1380.12,,0.0,False,-1380.12,,0.0
TRD_800324,USR_RET_013,2026-09-26 13:18:00,7448803.4021,0.0116,-1.74,-1578.84,False,-1578.84,,0.0,False,-1578.84,,0.0,False,-1578.84,,0.0
TRD_800075,USR_RET_004,2026-09-26 15:54:00,7470782.7042,0.015,-2.15,-2380.59,True,-2959.0,2026-09-28 10:30:00,-578.41,False,-2380.59,,0.0,False,-2380.59,,0.0
TRD_800070,USR_RET_004,2026-09-26 16:54:00,7454790.7032,0.006,-1.94,-790.83,False,-790.83,,0.0,False,-790.83,,0.0,False,-790.83,,0.0
TRD_800302,USR_RET_012,2026-09-26 17:12:00,7471179.7704,0.0099,-2.16,-1467.77,True,-1953.04,2026-09-28 10:30:00,-485.27,False,-1467.77,,0.0,False,-1467.77,,0.0
TRD_800141,USR_RET_006,2026-09-26 17:41:00,7454214.1956,0.0091,-1.94,-793.73,False,-793.73,,0.0,False,-793.73,,0.0,False,-793.73,,0.0
TRD_800015,USR_RET_001,2026-09-26 18:58:00,7453124.7642,0.0117,-1.92,-943.27,False,-943.27,,0.0,False,-943.27,,0.0,False,-943.27,,0.0
TRD_800336,USR_RET_013,2026-09-26 22:59:00,7469543.6957,0.0099,-2.18,-752.53,True,-1952.62,2026-09-28 10:30:00,-1200.09,False,-752.53,,0.0,False,-752.53,,0.0
TRD_800356,USR_RET_014,2026-09-27 01:42:00,7460482.4823,0.0818,-2.06,-7879.5,True,-16114.17,2026-09-28 14:30:00,-8234.67,False,-7879.5,,0.0,False,-7879.5,,0.0
TRD_800266,USR_RET_011,2026-09-27 06:31:00,7482295.07,0.0079,-2.35,-1269.58,True,-1560.81,2026-09-28 10:30:00,-291.23,False,-1269.58,,0.0,False,-1269.58,,0.0
TRD_800333,USR_RET_013,2026-09-27 08:05:00,7481298.825,0.071,-2.33,-11971.25,True,-14025.66,2026-09-28 10:30:00,-2054.41,False,-11971.25,,0.0,False,-11971.25,,0.0
TRD_800004,USR_RET_001,2026-09-27 09:23:00,7484529.4556,0.0437,-2.37,-7113.2,True,-8636.42,2026-09-28 10:30:00,-1523.22,False,-7113.2,,0.0,False,-7113.2,,0.0
TRD_800210,USR_RET_009,2026-09-27 14:15:00,7522061.04,0.0058,-2.86,-749.94,True,-1152.0,2026-09-28 08:30:00,-402.06,False,-749.94,,0.0,False,-749.94,,0.0
TRD_800264,USR_RET_011,2026-09-27 17:08:00,7535262.0717,0.0338,-3.03,-3370.51,True,-6725.16,2026-09-28 07:30:00,-3354.65,False,-3370.51,,0.0,False,-3370.51,,0.0
TRD_800119,USR_RET_005,2026-09-27 22:47:00,7496774.6784,0.0599,-2.53,-10444.04,True,-11857.39,2026-09-28 10:30:00,-1413.35,False,-10444.04,,0.0,False,-10444.04,,0.0
TRD_800173,USR_RET_007,2026-09-28 00:51:00,7524633.9504,0.0064,-2.89,-1002.64,True,-1271.61,2026-09-28 08:30:00,-268.97,False,-1002.64,,0.0,False,-1002.64,,0.0
TRD_800232,USR_RET_009,2026-09-28 12:34:00,7358645.3671,0.0163,-0.7,-254.19,False,-254.19,,0.0,False,-254.19,,0.0,False,-254.19,,0.0
TRD_800135,USR_RET_006,2026-09-28 12:35:00,7364519.3607,0.0168,-0.78,-361.07,False,-361.07,,0.0,False,-361.07,,0.0,False,-361.07,,0.0
TRD_800168,USR_RET_007,2026-09-28 12:55:00,7365987.859,0.055,-0.8,-1263.15,False,-1263.15,,0.0,False,-1263.15,,0.0,False,-1263.15,,0.0
TRD_800257,USR_RET_010,2026-09-28 15:02:00,7334963.3339,0.0222,-0.38,824.28,False,824.28,,0.0,False,824.28,,0.0,False,824.28,,0.0
TRD_800170,USR_RET_007,2026-09-28 21:03:00,7395952.788,0.06,-0.95,1221.63,False,1221.63,,0.0,False,1221.63,,0.0,False,1221.63,,0.0
TRD_800285,USR_RET_012,2026-09-29 01:16:00,7384402.2746,0.0401,-0.8,-603.92,False,-603.92,,0.0,False,-603.92,,0.0,False,-603.92,,0.0
TRD_800226,USR_RET_009,2026-09-29 02:16:00,7399913.1984,0.0933,-1.0,-2273.23,False,-2273.23,,0.0,False,-2273.23,,0.0,False,-2273.23,,0.0
TRD_800390,USR_RET_015,2026-09-29 09:54:00,7370976.6439,0.0334,-0.47,1445.4,False,1445.4,,0.0,False,1445.4,,0.0,False,1445.4,,0.0
TRD_800318,USR_RET_013,2026-09-29 11:55:00,7456928.6844,0.0183,-1.61,-768.75,False,-768.75,,0.0,False,-768.75,,0.0,False,-768.75,,0.0
TRD_800056,USR_RET_003,2026-09-29 12:52:00,7437518.4661,0.0104,-1.36,-870.69,False,-870.69,,0.0,False,-870.69,,0.0,False,-870.69,,0.0
TRD_800294,USR_RET_012,2026-09-29 18:10:00,7476145.1023,0.008,-1.87,-763.3,False,-763.3,,0.0,False,-763.3,,0.0,False,-763.3,,0.0
TRD_800059,USR_RET_003,2026-09-29 18:47:00,7462133.2662,0.0128,-1.68,-810.51,False,-810.51,,0.0,False,-810.51,,0.0,False,-810.51,,0.0
TRD_800334,USR_RET_013,2026-09-29 21:23:00,7372837.4022,0.0345,-0.49,1589.27,False,1589.27,,0.0,False,1589.27,,0.0,False,1589.27,,0.0
TRD_800145,USR_RET_006,2026-09-29 22:16:00,7370034.7932,0.0099,-0.39,518.39,False,518.39,,0.0,False,518.39,,0.0,False,518.39,,0.0
TRD_800357,USR_RET_014,2026-09-29 22:55:00,7377402.0582,0.0127,-0.49,1364.58,False,1364.58,,0.0,False,1364.58,,0.0,False,1364.58,,0.0
TRD_800384,USR_RET_015,2026-09-30 13:49:00,7359844.5129,0.0146,-0.13,3541.99,False,3541.99,,0.0,False,3541.99,,0.0,False,3541.99,,0.0
TRD_800105,USR_RET_005,2026-09-30 23:51:00,7437004.575,0.0369,-1.01,-352.94,False,-352.94,,0.0,False,-352.94,,0.0,False,-352.94,,0.0
TRD_800241,USR_RET_010,2026-10-01 03:24:00,7818766.4105,0.0169,-5.84,-6235.88,True,-3489.09,2026-10-01 03:30:00,2746.79,True,-7435.39,2026-10-01 03:30:00,-1199.51,False,-6235.88,,0.0
TRD_800215,USR_RET_009,2026-10-01 06:47:00,7411305.8378,0.0314,-0.67,1560.23,False,1560.23,,0.0,False,1560.23,,0.0,False,1560.23,,0.0
TRD_800224,USR_RET_009,2026-10-01 09:04:00,7432242.9057,0.1343,-0.95,4558.03,False,4558.03,,0.0,False,4558.03,,0.0,False,4558.03,,0.0
TRD_800338,USR_RET_013,2026-10-01 10:22:00,7450435.2473,0.0419,-1.19,203.13,False,203.13,,0.0,False,203.13,,0.0,False,203.13,,0.0
TRD_800146,USR_RET_006,2026-10-01 15:04:00,7430278.7716,0.0096,-0.66,260.17,False,260.17,,0.0,False,260.17,,0.0,False,260.17,,0.0
TRD_800303,USR_RET_012,2026-10-01 17:55:00,7433610.7471,0.0112,-0.71,551.54,False,551.54,,0.0,False,551.54,,0.0,False,551.54,,0.0
TRD_800306,USR_RET_012,2026-10-01 18:43:00,7453175.3756,0.0483,-0.79,1352.91,False,1352.91,,0.0,False,1352.91,,0.0,False,1352.91,,0.0
TRD_800346,USR_RET_014,2026-10-02 00:31:00,7512503.7834,0.0759,-1.18,-2580.03,False,-2580.03,,0.0,False,-2580.03,,0.0,False,-2580.03,,0.0
TRD_800350,USR_RET_014,2026-10-02 02:37:00,7505426.533,0.1493,-1.08,-5696.91,False,-5696.91,,0.0,False,-5696.91,,0.0,False,-5696.91,,0.0
TRD_800035,USR_RET_002,2026-10-02 08:35:00,7576973.12,0.0352,-2.02,-3480.01,True,-7042.49,2026-10-02 23:30:00,-3562.48,False,-3480.01,,0.0,False,-3480.01,,0.0
TRD_800368,USR_RET_015,2026-10-02 09:03:00,7583784.2225,0.0141,-2.11,-1490.4,True,-2823.53,2026-10-02 23:30:00,-1333.13,False,-1490.4,,0.0,False,-1490.4,,0.0
TRD_800017,USR_RET_001,2026-10-02 09:06:00,7585297.8008,0.0123,-2.13,-1318.83,True,-2463.57,2026-10-02 23:30:00,-1144.74,False,-1318.83,,0.0,False,-1318.83,,0.0
TRD_800072,USR_RET_004,2026-10-02 11:33:00,7637012.3913,0.0485,-2.79,-6899.2,True,-9780.32,2026-10-02 22:30:00,-2881.12,False,-6899.2,,0.0,False,-6899.2,,0.0
TRD_800258,USR_RET_010,2026-10-02 19:09:00,7665603.5292,0.0339,-3.15,-5167.21,True,-6861.73,2026-10-02 22:30:00,-1694.52,False,-5167.21,,0.0,False,-5167.21,,0.0
TRD_800259,USR_RET_010,2026-10-02 19:55:00,7601493.2089,0.0294,-2.33,-2491.86,True,-5901.11,2026-10-02 23:30:00,-3409.25,False,-2491.86,,0.0,False,-2491.86,,0.0
TRD_800003,USR_RET_001,2026-10-02 20:48:00,7567963.9722,0.0061,-1.9,-323.78,False,-323.78,,0.0,False,-323.78,,0.0,False,-323.78,,0.0
TRD_800169,USR_RET_007,2026-10-02 23:37:00,7463899.3541,0.0135,-0.43,792.89,False,792.89,,0.0,False,792.89,,0.0,False,792.89,,0.0
TRD_800228,USR_RET_009,2026-10-03 02:50:00,7504993.9396,0.0086,-0.41,551.05,False,551.05,,0.0,False,551.05,,0.0,False,551.05,,0.0
TRD_800189,USR_RET_008,2026-10-03 03:10:00,7754861.1621,0.0257,-3.62,-4800.53,True,-5262.53,2026-10-03 03:30:00,-462.0,False,-4800.53,,0.0,False,-4800.53,,0.0
TRD_800252,USR_RET_010,2026-10-03 05:19:00,7490315.6664,0.011,-0.21,1513.91,False,1513.91,,0.0,False,1513.91,,0.0,False,1513.91,,0.0
TRD_800144,USR_RET_006,2026-10-03 09:40:00,7498558.0077,0.0349,-0.21,1450.53,False,1450.53,,0.0,False,1450.53,,0.0,False,1450.53,,0.0
TRD_800292,USR_RET_012,2026-10-03 10:37:00,7514934.2659,0.0118,-0.43,536.14,False,536.14,,0.0,False,536.14,,0.0,False,536.14,,0.0
TRD_800037,USR_RET_002,2026-10-03 12:33:00,7497778.764,0.0073,-0.19,770.88,False,770.88,,0.0,False,770.88,,0.0,False,770.88,,0.0
TRD_800154,USR_RET_007,2026-10-03 13:52:00,7509484.7323,0.0953,-0.35,8591.37,False,8591.37,,0.0,False,8591.37,,0.0,False,8591.37,,0.0
TRD_800328,USR_RET_013,2026-10-03 21:22:00,7515260.7326,0.0698,-0.42,73.55,False,73.55,,0.0,False,73.55,,0.0,False,73.55,,0.0
TRD_800231,USR_RET_009,2026-10-04 04:08:00,7525184.9157,0.0059,-0.38,291.13,False,291.13,,0.0,False,291.13,,0.0,False,291.13,,0.0
TRD_800120,USR_RET_005,2026-10-04 06:37:00,7523791.788,0.0166,-0.27,461.69,False,461.69,,0.0,False,461.69,,0.0,False,461.69,,0.0
TRD_800298,USR_RET_012,2026-10-04 13:06:00,7554476.643,0.0239,-0.46,-312.54,False,-312.54,,0.0,False,-312.54,,0.0,False,-312.54,,0.0
TRD_800127,USR_RET_006,2026-10-04 13:55:00,7548493.7117,0.0424,-0.38,1470.94,False,1470.94,,0.0,False,1470.94,,0.0,False,1470.94,,0.0
TRD_800071,USR_RET_004,2026-10-04 15:54:00,7570766.2391,0.0162,-0.67,386.51,False,386.51,,0.0,False,386.51,,0.0,False,386.51,,0.0
TRD_800125,USR_RET_006,2026-10-04 17:06:00,7555927.1198,0.0204,-0.48,943.85,False,943.85,,0.0,False,943.85,,0.0,False,943.85,,0.0
TRD_800227,USR_RET_009,2026-10-05 03:49:00,7668765.9701,0.0092,-1.94,-1133.67,False,-1133.67,,0.0,False,-1133.67,,0.0,False,-1133.67,,0.0
TRD_800331,USR_RET_013,2026-10-05 05:24:00,7664031.324,0.0059,-1.88,-698.98,False,-698.98,,0.0,False,-698.98,,0.0,False,-698.98,,0.0
TRD_800275,USR_RET_011,2026-10-05 09:39:00,7595853.1602,0.038,-1.0,-1900.78,False,-1900.78,,0.0,False,-1900.78,,0.0,False,-1900.78,,0.0
TRD_800178,USR_RET_008,2026-10-05 15:47:00,7628226.1202,0.0822,-1.42,-6783.4,False,-6783.4,,0.0,False,-6783.4,,0.0,False,-6783.4,,0.0
TRD_800012,USR_RET_001,2026-10-05 17:53:00,7621511.1472,0.0458,-1.33,-3470.78,False,-3470.78,,0.0,False,-3470.78,,0.0,False,-3470.78,,0.0
TRD_800128,USR_RET_006,2026-10-05 18:00:00,7616189.3938,0.0221,-1.26,-1556.68,False,-1556.68,,0.0,False,-1556.68,,0.0,False,-1556.68,,0.0
TRD_800142,USR_RET_006,2026-10-05 18:09:00,7625312.3997,0.0275,-1.38,-2188.94,False,-2188.94,,0.0,False,-2188.94,,0.0,False,-2188.94,,0.0
TRD_800349,USR_RET_014,2026-10-05 18:41:00,7659941.811,0.081,-1.83,-9263.62,False,-9263.62,,0.0,False,-9263.62,,0.0,False,-9263.62,,0.0
TRD_800267,USR_RET_011,2026-10-05 19:24:00,7667591.0439,0.052,-1.92,-6346.36,False,-6346.36,,0.0,False,-6346.36,,0.0,False,-6346.36,,0.0
TRD_800177,USR_RET_007,2026-10-05 19:54:00,7587185.1155,0.0217,-0.89,-896.6,False,-896.6,,0.0,False,-896.6,,0.0,False,-896.6,,0.0
TRD_800165,USR_RET_007,2026-10-05 22:42:00,7573340.5692,0.0325,-0.51,-891.08,False,-891.08,,0.0,False,-891.08,,0.0,False,-891.08,,0.0
TRD_800225,USR_RET_009,2026-10-06 00:05:00,7601930.7418,0.0167,-0.89,-937.25,False,-937.25,,0.0,False,-937.25,,0.0,False,-937.25,,0.0
TRD_800013,USR_RET_001,2026-10-06 03:35:00,7625921.8459,0.0085,-1.2,-681.78,False,-681.78,,0.0,False,-681.78,,0.0,False,-681.78,,0.0
TRD_800086,USR_RET_004,2026-10-06 05:49:00,7615251.8424,0.0067,-1.06,-465.63,False,-465.63,,0.0,False,-465.63,,0.0,False,-465.63,,0.0
TRD_800182,USR_RET_008,2026-10-06 15:00:00,7624752.4415,0.0284,-0.85,-2244.61,False,-2244.61,,0.0,False,-2244.61,,0.0,False,-2244.61,,0.0
