user_id,signup_timestamp,kyc_status,persona
USR_RET_001,2026-09-11 02:10:00.873162,TIER_3,RETAIL_SPECULATOR
USR_RET_002,2026-09-08 02:10:00.873162,TIER_2,RETAIL_SPECULATOR
USR_RET_003,2026-09-10 02:10:00.873162,TIER_2,RETAIL_SPECULATOR
USR_RET_004,2026-09-04 02:10:00.873162,TIER_3,RETAIL_SPECULATOR
USR_RET_005,2026-09-11 02:10:00.873162,TIER_3,RETAIL_SPECULATOR
USR_RET_006,2026-09-02 02:10:00.873162,TIER_2,RETAIL_SPECULATOR
USR_RET_007,2026-09-03 02:10:00.873162,TIER_2,RETAIL_SPECULATOR
USR_RET_008,2026-09-06 02:10:00.873162,TIER_2,RETAIL_SPECULATOR
USR_RET_009,2026-09-09 02:10:00.873162,TIER_2,RETAIL_SPECULATOR
USR_RET_010,2026-09-04 02:10:00.873162,TIER_2,RETAIL_SPECULATOR
USR_RET_011,2026-09-07 02:10:00.873162,TIER_3,RETAIL_SPECULATOR
USR_RET_012,2026-09-07 02:10:00.873162,TIER_2,RETAIL_SPECULATOR
USR_RET_013,2026-09-09 02:10:00.873162,TIER_3,RETAIL_SPECULATOR
USR_RET_014,2026-09-08 02:10:00.873162,TIER_2,RETAIL_SPECULATOR
USR_RET_015,2026-09-10 02:10:00.873162,TIER_2,RETAIL_SPECULATOR
USR_SYS_001,2026-09-03 02:10:00.873162,TIER_2,SYSTEMATIC_TREND
USR_SYS_002,2026-09-05 02:10:00.873162,TIER_3,SYSTEMATIC_TREND
USR_SYS_003,2026-09-02 02:10:00.873162,TIER_3,SYSTEMATIC_TREND
USR_SYS_004,2026-09-08 02:10:00.873162,TIER_3,SYSTEMATIC_TREND
USR_SYS_005,2026-09-09 02:10:00.873162,TIER_3,SYSTEMATIC_TREND
USR_SYS_006,2026-09-04 02:10:00.873162,TIER_2,SYSTEMATIC_TREND
USR_SYS_007,2026-09-05 02:10:00.873162,TIER_2,SYSTEMATIC_TREND
USR_SYS_008,2026-09-02 02:10:00.873162,TIER_3,SYSTEMATIC_TREND
USR_SYS_009,2026-09-03 02:10:00.873162,TIER_2,SYSTEMATIC_TREND
USR_SYS_010,2026-09-07 02:10:00.873162,TIER_2,SYSTEMATIC_TREND
USR_HFT_001,2026-09-03 02:10:00.873162,TIER_3,HIGH_FREQUENCY_MAKER
USR_HFT_002,2026-09-05 02:10:00.873162,TIER_3,HIGH_FREQUENCY_MAKER
USR_HFT_003,2026-09-06 02:10:00.873162,TIER_3,HIGH_FREQUENCY_MAKER
USR_HFT_004,2026-09-05 02:10:00.873162,TIER_3,HIGH_FREQUENCY_MAKER
USR_HFT_005,2026-09-02 02:10:00.873162,TIER_3,HIGH_FREQUENCY_MAKER
