asset_id,open_time,open_price,high_price,low_price,close_price,volume
BTC,2026-09-07 02:30:00,7072212.0,7083009.0,7068958.74,7075077.63,381.14031
BTC,2026-09-07 03:30:00,7075078.515,7088300.415,7048763.04,7084882.545,486.73578
BTC,2026-09-07 04:30:00,7084883.43,7129559.115,7080885.0,7110251.955,896.09908
BTC,2026-09-07 05:30:00,7110251.955,7119293.115,7085231.235,7094160.885,473.2372
BTC,2026-09-07 06:30:00,7094160.885,7101577.185,7064625.78,7073463.39,429.2219
BTC,2026-09-07 07:30:00,7073463.39,7117701.0,7062300.0,7068870.24,411.23362
BTC,2026-09-07 08:30:00,7068871.125,7078762.77,7041821.1,7044280.515,424.23144
BTC,2026-09-07 09:30:00,7044279.63,7056295.275,7039323.63,7055574.0,680.36024
BTC,2026-09-07 10:30:00,7055574.885,7073454.54,7050510.915,7058713.095,625.29002
BTC,2026-09-07 11:30:00,7058713.095,7064574.45,7048542.675,7049845.395,564.03546
BTC,2026-09-07 12:30:00,7049846.28,7052658.81,6991597.35,7026707.955,867.88528
BTC,2026-09-07 13:30:00,7026707.955,7038446.595,7026707.955,7030208.13,367.39664
BTC,2026-09-07 14:30:00,7030209.015,7040175.0,7017266.775,7019275.725,384.36999
BTC,2026-09-07 15:30:00,7019275.725,7032165.75,7019275.725,7023360.0,340.14563
BTC,2026-09-07 16:30:00,7023360.0,7034600.385,7016457.0,7028684.16,322.16899
BTC,2026-09-07 17:30:00,7028684.16,7047027.555,7026942.48,7045205.34,278.61012
BTC,2026-09-07 18:30:00,7045205.34,7048449.75,7019724.42,7022652.885,537.87474
BTC,2026-09-07 19:30:00,7022652.0,7026577.86,6987689.19,7008487.575,729.96261
BTC,2026-09-07 20:30:00,7008488.46,7008488.46,6963180.0,6975746.115,790.15811
BTC,2026-09-07 21:30:00,6975747.0,6994617.855,6974480.565,6994054.995,428.99902
BTC,2026-09-07 22:30:00,6994055.88,7011282.405,6993093.0,7007937.105,251.37537
BTC,2026-09-07 23:30:00,7007937.99,7013094.0,6999996.0,7008860.16,308.24543
BTC,2026-09-08 00:30:00,7008859.275,7028596.545,7004775.0,7023875.07,230.49171
BTC,2026-09-08 01:30:00,7023874.185,7026450.42,7006368.885,7012563.0,212.62445
BTC,2026-09-08 02:30:00,7012563.0,7016103.0,7006014.0,7006014.0,163.69203
BTC,2026-09-08 03:30:00,7006014.885,7010808.93,6972124.695,6987268.815,458.00504
BTC,2026-09-08 04:30:00,6987267.93,7010085.0,6986046.63,7001412.885,292.83991
BTC,2026-09-08 05:30:00,7001412.0,7019208.465,6989067.135,7019207.58,445.07914
BTC,2026-09-08 06:30:00,7019208.465,7032480.81,7015083.48,7030616.115,454.81703
BTC,2026-09-08 07:30:00,7030615.23,7034422.5,6985305.0,6985305.885,601.51271
BTC,2026-09-08 08:30:00,6985305.885,6991677.0,6967171.35,6983205.78,813.2236
BTC,2026-09-08 09:30:00,6983204.895,6985237.74,6963064.95,6963065.835,558.10183
BTC,2026-09-08 10:30:00,6963064.95,6981057.0,6952117.5,6954153.0,847.29044
BTC,2026-09-08 11:30:00,6954152.115,6958932.0,6926152.485,6931637.715,1913.91469
BTC,2026-09-08 12:30:00,6931637.715,6956984.115,6918928.23,6945657.0,3433.75725
BTC,2026-09-08 13:30:00,6945657.0,6954489.3,6927895.05,6939993.0,855.4031
BTC,2026-09-08 14:30:00,6939993.0,6973800.0,6931057.155,6970436.115,641.52148
BTC,2026-09-08 15:30:00,6970437.0,6991013.25,6953268.0,6953268.0,435.62963
BTC,2026-09-08 16:30:00,6953268.885,6953976.0,6927039.255,6941055.885,682.36626
BTC,2026-09-08 17:30:00,6941055.0,6945782.67,6922059.36,6942824.115,839.62079
BTC,2026-09-08 18:30:00,6942825.0,6951273.21,6869370.885,6899606.91,2274.11248
BTC,2026-09-08 19:30:00,6899606.91,6958826.685,6890079.0,6953225.52,885.70593
BTC,2026-09-08 20:30:00,6953225.52,6983612.88,6942948.015,6983004.0,668.56307
BTC,2026-09-08 21:30:00,6983004.0,6989587.515,6954447.705,6968126.265,339.80818
BTC,2026-09-08 22:30:00,6968125.38,6981942.0,6947250.0,6947637.63,376.83451
BTC,2026-09-08 23:30:00,6947637.63,6975788.595,6927026.865,6941586.0,310.67894
BTC,2026-09-09 00:30:00,6941586.885,6949728.0,6931797.015,6942471.0,457.27833
BTC,2026-09-09 01:30:00,6942470.115,6958026.645,6939289.425,6946187.115,286.8898
BTC,2026-09-09 02:30:00,6946187.115,6958154.085,6938931.0,6946557.93,346.3218
BTC,2026-09-09 03:30:00,6946558.815,6961653.375,6943533.0,6952775.94,344.45436
BTC,2026-09-09 04:30:00,6952775.055,6953914.935,6939164.64,6943338.3,422.1807
BTC,2026-09-09 05:30:00,6943338.3,6973531.845,6943337.415,6971556.525,263.81065
BTC,2026-09-09 06:30:00,6971557.41,6981897.75,6959067.405,6981897.75,737.84364
BTC,2026-09-09 07:30:00,6981896.865,6985185.525,6963751.71,6967251.885,338.69714
BTC,2026-09-09 08:30:00,6967251.885,6967251.885,6951538.71,6959463.885,269.38216
BTC,2026-09-09 09:30:00,6959463.885,7010600.955,6959463.0,7006677.75,659.48495
BTC,2026-09-09 10:30:00,7006677.75,7024245.885,6977392.215,6984723.555,571.99145
BTC,2026-09-09 11:30:00,6984723.555,7017220.755,6979615.335,7005574.155,306.40396
BTC,2026-09-09 12:30:00,7005574.155,7026900.0,7004893.59,7016052.555,435.40632
BTC,2026-09-09 13:30:00,7016053.44,7058760.0,7014864.0,7053274.77,838.18454
BTC,2026-09-09 14:30:00,7053274.77,7054866.0,6982650.0,6987252.885,524.33216
BTC,2026-09-09 15:30:00,6987252.885,7007776.035,6980712.735,6984420.885,419.34722
BTC,2026-09-09 16:30:00,6984420.885,7025066.28,6967188.165,7020240.375,742.09582
BTC,2026-09-09 17:30:00,7020240.375,7050136.56,7016413.635,7045143.39,1136.20636
BTC,2026-09-09 18:30:00,7045144.275,7051577.34,7000632.315,7003951.065,700.9372
BTC,2026-09-09 19:30:00,7003951.065,7028115.99,6980646.36,6987783.885,1034.69116
BTC,2026-09-09 20:30:00,6987783.885,7026456.615,6908312.655,6955807.95,1730.66758
BTC,2026-09-09 21:30:00,6955807.95,6986061.675,6943740.09,6974233.65,548.53711
BTC,2026-09-09 22:30:00,6974233.65,6985694.4,6962649.0,6971676.885,424.82404
BTC,2026-09-09 23:30:00,6971676.0,6973114.125,6938697.36,6939676.17,291.49177
BTC,2026-09-10 00:30:00,6939676.17,6953915.82,6916275.0,6923792.19,474.58363
BTC,2026-09-10 01:30:00,6923792.19,6933090.885,6895662.465,6931680.195,550.88264
BTC,2026-09-10 02:30:00,6931680.195,6933051.06,6902482.275,6915834.27,316.14499
BTC,2026-09-10 03:30:00,6915834.27,6920346.0,6882645.0,6896279.31,513.88945
BTC,2026-09-10 04:30:00,6896274.0,6931416.465,6895969.56,6930119.055,300.08433
BTC,2026-09-10 05:30:00,6930119.055,6936837.975,6909531.3,6918991.95,826.01999
BTC,2026-09-10 06:30:00,6918991.95,6948001.365,6898752.0,6911319.0,429.21115
BTC,2026-09-10 07:30:00,6911319.885,6936019.35,6901230.0,6934670.61,250.2874
BTC,2026-09-10 08:30:00,6934671.495,6951675.0,6927603.0,6932035.08,370.87043
BTC,2026-09-10 09:30:00,6932035.08,6941762.115,6929550.0,6938400.0,221.79379
BTC,2026-09-10 10:30:00,6938400.885,6952948.515,6926961.375,6950498.835,554.7012
BTC,2026-09-10 11:30:00,6950498.835,6950971.425,6916096.23,6939816.885,573.34123
BTC,2026-09-10 12:30:00,6939816.885,6940347.885,6894723.48,6912912.0,526.86865
BTC,2026-09-10 13:30:00,6912912.0,6918110.49,6906363.0,6912735.0,301.41841
BTC,2026-09-10 14:30:00,6912735.0,6923285.97,6895111.11,6902292.885,605.51933
BTC,2026-09-10 15:30:00,6902292.0,6906944.445,6887177.085,6890894.085,618.27147
BTC,2026-09-10 16:30:00,6890893.2,6907853.34,6875388.0,6888910.8,659.08952
BTC,2026-09-10 17:30:00,6888896.64,6899389.2,6785832.195,6805296.885,2886.07306
BTC,2026-09-10 18:30:00,6805296.885,6835209.0,6791932.5,6829937.94,1372.33792
BTC,2026-09-10 19:30:00,6829937.055,6852110.73,6809495.325,6850962.885,1105.27456
BTC,2026-09-10 20:30:00,6850962.885,6851040.765,6822656.16,6836625.0,695.08679
BTC,2026-09-10 21:30:00,6836625.0,6842112.885,6797241.615,6832200.885,562.44798
BTC,2026-09-10 22:30:00,6832200.0,6862644.0,6825674.01,6843591.72,584.5114
BTC,2026-09-10 23:30:00,6843591.72,6844590.0,6812960.1,6836802.0,321.25824
BTC,2026-09-11 00:30:00,6836802.0,6840915.48,6821860.545,6828733.455,394.60119
BTC,2026-09-11 01:30:00,6828733.455,6845249.325,6824766.0,6838225.08,142.17379
BTC,2026-09-11 02:30:00,6838225.08,6841317.27,6823351.77,6827244.0,268.25509
BTC,2026-09-11 03:30:00,6827244.885,6833793.885,6798357.6,6800025.825,253.46564
BTC,2026-09-11 04:30:00,6800025.825,6803553.435,6767064.0,6776331.72,797.49081
BTC,2026-09-11 05:30:00,6776332.605,6809172.3,6775826.385,6806410.215,538.94881
BTC,2026-09-11 06:30:00,6806410.215,6814500.0,6785345.445,6811971.555,386.97683
BTC,2026-09-11 07:30:00,6811972.44,6815705.37,6794117.565,6800223.18,297.49023
BTC,2026-09-11 08:30:00,6800223.18,6805432.29,6788188.95,6804924.3,967.58108
BTC,2026-09-11 09:30:00,6804925.185,6831846.885,6804696.855,6824589.885,370.66197
BTC,2026-09-11 10:30:00,6824589.885,6836879.88,6820611.81,6836878.11,284.44316
BTC,2026-09-11 11:30:00,6836878.995,6852685.98,6830607.0,6840873.885,405.18201
BTC,2026-09-11 12:30:00,6840873.885,6850182.315,6832530.105,6834916.95,435.02243
BTC,2026-09-11 13:30:00,6834916.95,6858750.0,6827296.215,6846796.305,294.00696
BTC,2026-09-11 14:30:00,6846797.19,6847245.885,6802603.83,6818217.0,552.5515
BTC,2026-09-11 15:30:00,6818217.0,6828947.625,6811491.0,6813902.625,406.1795
BTC,2026-09-11 16:30:00,6813902.625,6818858.625,6792105.075,6817696.62,420.86915
BTC,2026-09-11 17:30:00,6817696.62,6916163.49,6730122.33,6905919.615,3531.14376
BTC,2026-09-11 18:30:00,6905918.73,7020970.5,6836961.3,7012966.56,2451.66172
BTC,2026-09-11 19:30:00,7012966.56,7070265.0,6948054.465,6973668.135,1987.04632
BTC,2026-09-11 20:30:00,6973658.4,6978223.23,6841315.5,6879304.125,1364.45838
BTC,2026-09-11 21:30:00,6879304.125,6909018.885,6848296.38,6895566.0,1081.48116
BTC,2026-09-11 22:30:00,6895566.0,6899460.885,6857895.09,6861759.0,492.68772
BTC,2026-09-11 23:30:00,6861759.0,6862113.885,6804145.5,6819279.0,842.12412
BTC,2026-09-12 00:30:00,6819279.0,6847422.885,6815031.0,6839811.885,421.44962
BTC,2026-09-12 01:30:00,6839811.0,6859104.885,6831492.0,6844530.705,322.32564
BTC,2026-09-12 02:30:00,6844530.705,6852024.885,6821403.885,6824058.885,222.90327
BTC,2026-09-12 03:30:00,6824058.885,6834970.935,6811591.005,6827775.0,1100.36124
BTC,2026-09-12 04:30:00,6827775.0,6834475.335,6825091.68,6834474.45,535.72071
BTC,2026-09-12 05:30:00,6834475.335,6842820.0,6832877.025,6839937.555,314.34391
BTC,2026-09-12 06:30:00,6839937.555,6847985.745,6837712.665,6838604.745,186.8188
BTC,2026-09-12 07:30:00,6838603.86,6843020.895,6833970.0,6839988.0,307.45259
BTC,2026-09-12 08:30:00,6839988.885,6845282.07,6834854.115,6838225.965,242.20968
BTC,2026-09-12 09:30:00,6838225.965,6842289.885,6833603.61,6834213.375,392.84938
BTC,2026-09-12 10:30:00,6834213.375,6837580.8,6829019.31,6833793.0,966.7285
BTC,2026-09-12 11:30:00,6833793.0,6846289.2,6832199.115,6840141.105,148.46089
BTC,2026-09-12 12:30:00,6840141.105,6845297.115,6838041.0,6838355.175,360.14789
BTC,2026-09-12 13:30:00,6838354.29,6847599.885,6838354.29,6846360.885,285.63962
BTC,2026-09-12 14:30:00,6846360.0,6848728.26,6844159.89,6845425.44,294.25428
BTC,2026-09-12 15:30:00,6845425.44,6849966.375,6841983.675,6843965.19,182.37452
BTC,2026-09-12 16:30:00,6843965.19,6846010.425,6840342.0,6846009.54,149.54317
BTC,2026-09-12 17:30:00,6846010.425,6846428.145,6840165.0,6844590.0,340.29238
BTC,2026-09-12 18:30:00,6844590.885,6849658.395,6837084.315,6846937.02,1023.69199
BTC,2026-09-12 19:30:00,6846937.02,6859251.795,6846891.0,6855319.74,239.68201
BTC,2026-09-12 20:30:00,6855320.625,6856979.115,6847776.0,6848162.745,265.08543
BTC,2026-09-12 21:30:00,6848163.63,6851139.885,6844236.0,6846183.885,159.17816
BTC,2026-09-12 22:30:00,6846183.0,6850286.745,6829595.445,6833136.33,249.24835
BTC,2026-09-12 23:30:00,6833136.33,6833616.885,6825565.155,6826093.5,275.13313
BTC,2026-09-13 00:30:00,6826093.5,6830961.885,6819787.875,6824676.615,731.31555
BTC,2026-09-13 01:30:00,6824677.5,6834652.335,6824676.615,6829545.0,363.19212
BTC,2026-09-13 02:30:00,6829545.0,6839549.925,6827642.25,6837864.885,348.07684
BTC,2026-09-13 03:30:00,6837864.0,6841050.0,6831585.81,6835047.045,167.38368
BTC,2026-09-13 04:30:00,6835047.045,6840415.455,6835046.16,6839167.605,67.34168
BTC,2026-09-13 05:30:00,6839167.605,6841049.115,6828868.86,6838927.77,102.17841
BTC,2026-09-13 06:30:00,6838927.77,6844711.245,6835873.635,6842817.345,342.83505
BTC,2026-09-13 07:30:00,6842817.345,6842817.345,6836163.03,6840161.46,238.88569
BTC,2026-09-13 08:30:00,6840162.345,6842004.03,6830784.885,6831492.885,225.77764
BTC,2026-09-13 09:30:00,6831492.0,6836981.655,6831300.84,6833085.885,190.98338
BTC,2026-09-13 10:30:00,6833085.0,6843214.71,6833085.0,6842997.885,202.84475
BTC,2026-09-13 11:30:00,6842997.885,6843335.07,6819670.17,6825327.975,503.99784
BTC,2026-09-13 12:30:00,6825327.975,6830430.0,6822631.38,6825827.115,239.99798
BTC,2026-09-13 13:30:00,6825827.115,6830607.0,6792906.0,6798013.335,401.89187
BTC,2026-09-13 14:30:00,6798013.335,6805111.035,6776445.0,6797508.885,537.62115
BTC,2026-09-13 15:30:00,6797508.0,6797973.51,6781617.825,6785940.165,190.81512
BTC,2026-09-13 16:30:00,6785941.05,6796800.0,6770250.0,6796120.32,265.89974
BTC,2026-09-13 17:30:00,6796119.435,6802641.885,6787065.0,6793554.705,292.33252
BTC,2026-09-13 18:30:00,6793554.705,6807597.885,6775560.0,6801492.27,435.53074
BTC,2026-09-13 19:30:00,6801491.385,6837018.825,6801274.56,6833616.885,524.64043
BTC,2026-09-13 20:30:00,6833616.885,6833616.885,6815502.705,6826432.455,235.97054
BTC,2026-09-13 21:30:00,6826431.57,6846271.5,6825620.91,6838938.39,296.31166
BTC,2026-09-13 22:30:00,6838938.39,6851096.52,6836567.475,6843611.19,135.4972
BTC,2026-09-13 23:30:00,6843611.19,6848430.9,6842122.62,6844489.995,110.16764
BTC,2026-09-14 00:30:00,6844489.995,6850700.04,6834249.66,6839634.0,148.98479
BTC,2026-09-14 01:30:00,6839634.885,6847068.0,6837687.0,6845298.885,103.43597
BTC,2026-09-14 02:30:00,6845298.885,6854325.0,6842289.0,6842466.0,161.40092
BTC,2026-09-14 03:30:00,6842466.0,6842466.0,6785089.68,6789189.0,686.94439
BTC,2026-09-14 04:30:00,6789189.0,6803596.8,6781132.845,6800517.885,384.73824
BTC,2026-09-14 05:30:00,6800517.885,6821875.59,6760401.72,6797508.0,684.93231
BTC,2026-09-14 06:30:00,6797508.885,6829612.26,6782322.285,6825028.845,548.46579
BTC,2026-09-14 07:30:00,6825027.96,6878706.75,6815916.0,6867600.0,1091.26668
BTC,2026-09-14 08:30:00,6867600.0,6891479.07,6859104.885,6867275.205,938.65006
BTC,2026-09-14 09:30:00,6867274.32,6876519.03,6862095.3,6874837.53,479.27763
BTC,2026-09-14 10:30:00,6874838.415,6875657.925,6858249.09,6868643.415,322.46252
BTC,2026-09-14 11:30:00,6868643.415,6893738.475,6848077.785,6866993.775,418.88254
BTC,2026-09-14 12:30:00,6866993.775,6893463.24,6860910.285,6893463.24,453.51632
BTC,2026-09-14 13:30:00,6893463.24,6902999.115,6872379.0,6878998.8,526.80639
BTC,2026-09-14 14:30:00,6878998.8,6936099.885,6867051.3,6915528.945,718.66625
BTC,2026-09-14 15:30:00,6915528.945,6917856.495,6894150.0,6894734.1,344.15342
BTC,2026-09-14 16:30:00,6894734.985,6896275.77,6875790.675,6883176.0,354.582
BTC,2026-09-14 17:30:00,6883176.0,6910316.295,6868932.81,6876273.885,416.3904
BTC,2026-09-14 18:30:00,6876273.885,6946365.0,6857155.23,6917868.885,1141.24574
BTC,2026-09-14 19:30:00,6917868.885,6966037.665,6917514.885,6949113.81,1305.24797
BTC,2026-09-14 20:30:00,6949112.925,6963534.885,6929674.785,6954154.77,911.75735
BTC,2026-09-14 21:30:00,6954154.77,6983067.72,6940716.045,6971093.67,663.13004
BTC,2026-09-14 22:30:00,6971093.67,6995786.94,6964805.745,6986011.23,650.24334
BTC,2026-09-14 23:30:00,6986011.23,7020262.5,6977213.445,7011501.885,894.11691
BTC,2026-09-15 00:30:00,7011501.0,7011650.565,6987222.795,6989907.0,499.81096
BTC,2026-09-15 01:30:00,6989907.885,7044600.0,6989602.56,7000350.0,622.99114
BTC,2026-09-15 02:30:00,7000350.0,7001936.805,6969021.0,6970067.955,574.15746
BTC,2026-09-15 03:30:00,6970067.07,6978579.885,6948223.5,6952381.23,419.77752
BTC,2026-09-15 04:30:00,6952382.115,6953268.885,6914620.05,6919745.085,432.95897
BTC,2026-09-15 05:30:00,6919744.2,6925165.71,6897794.43,6898834.305,446.37902
BTC,2026-09-15 06:30:00,6898833.42,6910080.0,6880875.0,6895730.61,504.32377
BTC,2026-09-15 07:30:00,6895730.61,6904596.54,6883198.125,6895364.22,261.07651
BTC,2026-09-15 08:30:00,6895365.105,6895365.105,6872733.0,6874413.615,370.47729
BTC,2026-09-15 09:30:00,6874413.615,6880371.435,6862467.0,6864690.12,784.69084
BTC,2026-09-15 10:30:00,6864689.235,6873499.41,6841050.885,6870255.0,461.79794
BTC,2026-09-15 11:30:00,6870255.0,6878912.955,6831405.27,6839872.95,361.46093
BTC,2026-09-15 12:30:00,6839873.835,6841997.835,6804695.97,6808305.885,884.1463
BTC,2026-09-15 13:30:00,6808305.0,6815193.84,6788267.715,6814500.885,754.54393
BTC,2026-09-15 14:30:00,6814500.885,6819798.495,6802994.115,6813088.425,483.47069
BTC,2026-09-15 15:30:00,6813088.425,6830082.195,6803251.65,6819261.3,603.90345
BTC,2026-09-15 16:30:00,6819261.3,6834263.82,6800671.875,6809190.885,463.92838
BTC,2026-09-15 17:30:00,6809190.885,6827168.775,6801991.41,6810752.025,512.54782
BTC,2026-09-15 18:30:00,6810672.375,6825651.885,6736922.67,6780761.145,2183.38695
BTC,2026-09-15 19:30:00,6780761.145,6787596.0,6691042.5,6720867.885,2651.31183
BTC,2026-09-15 20:30:00,6720867.885,6779417.715,6711132.0,6771312.0,1349.39662
BTC,2026-09-15 21:30:00,6771312.885,6777017.595,6750249.0,6760338.0,598.21425
BTC,2026-09-15 22:30:00,6760338.885,6844894.44,6743187.585,6811137.0,1073.22598
BTC,2026-09-15 23:30:00,6811137.0,6832677.015,6634665.345,6726000.0,3667.98364
BTC,2026-09-16 00:30:00,6726000.0,6753080.115,6709516.875,6742503.48,1145.76186
BTC,2026-09-16 01:30:00,6742503.48,6747769.23,6691768.2,6720268.74,526.79495
BTC,2026-09-16 02:30:00,6720268.74,6722157.33,6672222.975,6677665.725,478.08145
BTC,2026-09-16 03:30:00,6677665.725,6703696.23,6649946.64,6696618.0,703.17506
BTC,2026-09-16 04:30:00,6696617.115,6720878.505,6687237.885,6694536.48,412.63788
BTC,2026-09-16 05:30:00,6694536.48,6718520.865,6688706.985,6705830.85,340.54755
BTC,2026-09-16 06:30:00,6705830.85,6722814.885,6677990.52,6680788.89,471.46585
BTC,2026-09-16 07:30:00,6680788.89,6735823.5,6680273.82,6715941.975,431.22778
BTC,2026-09-16 08:30:00,6715942.86,6732726.885,6705490.125,6710424.885,369.27253
BTC,2026-09-16 09:30:00,6710424.0,6728006.295,6708804.45,6713965.77,321.09965
BTC,2026-09-16 10:30:00,6713965.77,6724350.36,6697471.14,6722637.885,372.63126
BTC,2026-09-16 11:30:00,6722637.885,6729436.455,6710955.0,6728655.885,399.86157
BTC,2026-09-16 12:30:00,6728655.885,6734632.29,6702933.36,6705346.755,721.95197
BTC,2026-09-16 13:30:00,6705345.87,6705345.87,6668475.0,6702636.885,690.76243
BTC,2026-09-16 14:30:00,6702636.885,6725469.0,6702105.0,6725380.5,455.32651
BTC,2026-09-16 15:30:00,6725381.385,6730075.425,6717150.0,6725132.7,314.78271
BTC,2026-09-16 16:30:00,6725132.7,6752904.885,6714849.0,6748125.0,523.67545
BTC,2026-09-16 17:30:00,6748125.0,6752550.0,6707770.77,6723167.115,566.86511
BTC,2026-09-16 18:30:00,6723166.23,6723166.23,6689280.465,6694671.885,738.01439
BTC,2026-09-16 19:30:00,6694671.885,6710997.48,6674939.04,6699257.07,705.96798
BTC,2026-09-16 20:30:00,6699257.955,6721575.0,6686421.915,6707274.285,560.83704
BTC,2026-09-16 21:30:00,6707274.285,6715711.875,6695025.0,6705468.0,367.73923
BTC,2026-09-16 22:30:00,6705468.0,6720464.325,6668746.695,6705468.885,638.52702
BTC,2026-09-16 23:30:00,6705684.825,6775627.26,6643236.57,6693432.0,3097.10326
BTC,2026-09-17 00:30:00,6693432.885,6741930.0,6659625.0,6733080.0,958.02578
BTC,2026-09-17 01:30:00,6733080.0,6763347.885,6728124.0,6741783.09,511.84627
BTC,2026-09-17 02:30:00,6741783.975,6744880.59,6720080.235,6723876.0,320.44714
BTC,2026-09-17 03:30:00,6723876.885,6724761.885,6693493.95,6697315.38,525.52719
BTC,2026-09-17 04:30:00,6697315.38,6750427.77,6694459.485,6744231.885,484.47864
BTC,2026-09-17 05:30:00,6744231.0,6771239.43,6742638.0,6756335.145,472.88854
BTC,2026-09-17 06:30:00,6756335.145,6794506.08,6745647.0,6759117.585,638.81754
BTC,2026-09-17 07:30:00,6759118.47,6768934.005,6730897.59,6758745.885,496.68012
BTC,2026-09-17 08:30:00,6758745.885,6773350.155,6758745.885,6765116.115,295.45137
BTC,2026-09-17 09:30:00,6765117.0,6778923.0,6742549.5,6773773.185,275.54427
BTC,2026-09-17 10:30:00,6773774.07,6781944.39,6754143.0,6755548.38,280.19303
BTC,2026-09-17 11:30:00,6755547.495,6778923.885,6753295.17,6768254.325,271.83524
BTC,2026-09-17 12:30:00,6768255.21,6786357.885,6763642.59,6766954.26,422.44395
BTC,2026-09-17 13:30:00,6766955.145,6778344.21,6761131.845,6776854.755,422.26564
BTC,2026-09-17 14:30:00,6776854.755,6794145.0,6767421.54,6767422.425,378.26739
BTC,2026-09-17 15:30:00,6767421.54,6767638.365,6749895.0,6761577.885,413.8899
BTC,2026-09-17 16:30:00,6761577.885,6769252.605,6741841.5,6768657.0,329.95092
BTC,2026-09-17 17:30:00,6768657.0,6830383.095,6761305.305,6791188.215,970.25031
BTC,2026-09-17 18:30:00,6791188.215,6804734.91,6726000.0,6787425.195,1013.37341
BTC,2026-09-17 19:30:00,6787424.31,6822292.425,6760642.44,6770467.71,941.27248
BTC,2026-09-17 20:30:00,6770466.825,6802362.225,6750337.5,6795030.885,472.36489
BTC,2026-09-17 21:30:00,6795030.885,6797808.015,6773259.0,6792681.21,596.54444
BTC,2026-09-17 22:30:00,6792681.21,6811845.885,6776976.0,6785105.61,711.49403
BTC,2026-09-17 23:30:00,6785106.495,6795193.725,6767630.4,6776972.46,293.0973
BTC,2026-09-18 00:30:00,6776973.345,6785951.67,6770658.87,6778569.885,292.32933
BTC,2026-09-18 01:30:00,6778569.885,6790869.615,6770250.0,6775206.885,198.7874
BTC,2026-09-18 02:30:00,6775206.885,6780516.885,6761002.635,6762802.725,210.95396
BTC,2026-09-18 03:30:00,6762802.725,6766581.675,6749008.23,6763170.0,270.75161
BTC,2026-09-18 04:30:00,6763169.115,6771135.885,6759987.54,6762905.385,255.57512
BTC,2026-09-18 05:30:00,6762905.385,6778215.0,6752196.0,6778215.0,376.57511
BTC,2026-09-18 06:30:00,6778214.115,6793601.61,6772020.0,6791844.885,577.60341
BTC,2026-09-18 07:30:00,6791844.885,6818234.7,6782994.0,6813464.55,712.34227
BTC,2026-09-18 08:30:00,6813465.435,6867407.955,6812901.69,6848437.095,920.49271
BTC,2026-09-18 09:30:00,6848437.095,6865474.23,6833683.26,6865473.345,724.0507
BTC,2026-09-18 10:30:00,6865474.23,6877819.98,6853699.305,6858201.3,717.75458
BTC,2026-09-18 11:30:00,6858201.3,6874646.37,6850105.32,6867954.0,542.00013
BTC,2026-09-18 12:30:00,6867954.885,6889725.0,6864600.735,6885123.885,1203.27789
BTC,2026-09-18 13:30:00,6885123.0,6927762.3,6872910.0,6927085.275,1082.03924
BTC,2026-09-18 14:30:00,6927025.98,6946434.915,6899598.945,6921762.885,1198.98878
BTC,2026-09-18 15:30:00,6921762.0,6935732.61,6912027.0,6928252.59,396.04476
BTC,2026-09-18 16:30:00,6928253.475,6942825.885,6905301.0,6908487.0,564.41098
BTC,2026-09-18 17:30:00,6908487.885,6919107.885,6901484.88,6906815.235,508.65462
BTC,2026-09-18 18:30:00,6906816.12,7124250.0,6900548.55,7086468.465,3127.05627
BTC,2026-09-18 19:30:00,7086468.465,7167614.115,7086468.465,7162997.955,3674.82612
BTC,2026-09-18 20:30:00,7162997.955,7182188.295,7124338.5,7144215.6,1900.06383
BTC,2026-09-18 21:30:00,7144215.6,7191333.885,7139430.405,7154936.49,1155.99511
BTC,2026-09-18 22:30:00,7154937.375,7170182.385,7129165.29,7170181.5,719.2946
BTC,2026-09-18 23:30:00,7170181.5,7181598.0,7150527.42,7163051.055,787.61867
BTC,2026-09-19 00:30:00,7163051.94,7203900.0,7160712.0,7186621.26,838.29021
BTC,2026-09-19 01:30:00,7186622.145,7189297.5,7163336.025,7178235.885,620.55238
BTC,2026-09-19 02:30:00,7178235.885,7195050.0,7176642.0,7189580.7,488.11936
BTC,2026-09-19 03:30:00,7189580.7,7201295.445,7175363.175,7180803.27,440.33445
BTC,2026-09-19 04:30:00,7180804.155,7186200.0,7156340.985,7158222.495,631.39344
BTC,2026-09-19 05:30:00,7158221.61,7227705.615,7154745.33,7227704.73,754.37622
BTC,2026-09-19 06:30:00,7227705.615,7234078.5,7172925.0,7193367.615,565.42177
BTC,2026-09-19 07:30:00,7193368.5,7207945.335,7191864.0,7195467.72,394.3587
BTC,2026-09-19 08:30:00,7195468.605,7204077.885,7178596.08,7180536.885,229.75185
BTC,2026-09-19 09:30:00,7180537.77,7188680.655,7160634.12,7170624.0,323.92635
BTC,2026-09-19 10:30:00,7170624.885,7181421.885,7169562.0,7172040.885,235.78799
BTC,2026-09-19 11:30:00,7172040.885,7177498.68,7161929.76,7173102.885,223.96356
BTC,2026-09-19 12:30:00,7173103.77,7190625.0,7171332.0,7177364.16,250.51895
BTC,2026-09-19 13:30:00,7177365.045,7205074.395,7175162.28,7196112.885,342.31658
BTC,2026-09-19 14:30:00,7196112.885,7215228.885,7190315.25,7197330.645,433.58513
BTC,2026-09-19 15:30:00,7197296.13,7197730.665,7186199.115,7187677.95,532.29651
BTC,2026-09-19 16:30:00,7187678.835,7201612.275,7187348.73,7195282.755,328.56609
BTC,2026-09-19 17:30:00,7195282.755,7201232.61,7188249.66,7197705.0,317.04895
BTC,2026-09-19 18:30:00,7197705.885,7200931.71,7184720.28,7200714.885,395.12402
BTC,2026-09-19 19:30:00,7200714.0,7225105.485,7198767.0,7220361.885,636.7659
BTC,2026-09-19 20:30:00,7220362.77,7252663.5,7218660.915,7224786.885,1013.35194
BTC,2026-09-19 21:30:00,7224786.885,7249389.885,7210272.0,7242794.865,733.82297
BTC,2026-09-19 22:30:00,7242793.98,7244363.085,7208139.15,7209564.885,484.00387
BTC,2026-09-19 23:30:00,7209564.0,7215759.885,7198059.0,7206384.195,267.92194
BTC,2026-09-20 00:30:00,7206384.195,7208679.885,7195906.68,7199829.885,261.59782
BTC,2026-09-20 01:30:00,7199829.885,7206655.005,7175601.24,7182246.705,460.01461
BTC,2026-09-20 02:30:00,7182246.705,7188160.275,7160044.71,7177386.285,489.7616
BTC,2026-09-20 03:30:00,7177387.17,7192218.885,7165137.0,7191629.475,319.56997
BTC,2026-09-20 04:30:00,7191629.475,7201540.59,7188087.705,7190624.115,669.91377
BTC,2026-09-20 05:30:00,7190624.115,7197705.885,7186981.455,7194463.245,451.18444
BTC,2026-09-20 06:30:00,7194463.245,7195050.0,7170899.235,7177172.115,269.37026
BTC,2026-09-20 07:30:00,7177173.0,7184042.37,7103333.91,7109339.52,1157.59556
BTC,2026-09-20 08:30:00,7109339.52,7126535.955,7091154.54,7123044.63,1168.06535
BTC,2026-09-20 09:30:00,7123044.63,7127888.235,7107524.385,7118267.4,299.2223
BTC,2026-09-20 10:30:00,7118267.4,7139131.275,7116169.95,7123746.435,837.20344
BTC,2026-09-20 11:30:00,7123746.435,7133763.75,7100113.395,7107385.44,458.02321
BTC,2026-09-20 12:30:00,7107386.325,7117170.885,7105488.0,7107577.485,229.11226
BTC,2026-09-20 13:30:00,7107576.6,7120170.15,7094645.865,7103439.225,288.38791
BTC,2026-09-20 14:30:00,7103439.225,7131491.07,7102728.57,7121595.885,215.53752
BTC,2026-09-20 15:30:00,7121595.885,7125650.955,7108282.83,7108282.83,199.82514
BTC,2026-09-20 16:30:00,7108282.83,7127315.64,7105311.0,7123648.2,592.53775
BTC,2026-09-20 17:30:00,7123649.085,7127259.885,7108996.14,7123697.76,317.39005
BTC,2026-09-20 18:30:00,7123697.76,7137576.33,7117878.0,7129964.445,263.56917
BTC,2026-09-20 19:30:00,7129965.33,7149855.705,7116639.0,7140357.885,430.31363
BTC,2026-09-20 20:30:00,7140357.885,7165830.84,7138999.41,7160712.0,468.43514
BTC,2026-09-20 21:30:00,7160712.0,7212513.705,7151776.155,7198059.885,1104.23835
BTC,2026-09-20 22:30:00,7198059.885,7209387.0,7174525.08,7181592.69,620.12017
BTC,2026-09-20 23:30:00,7181592.69,7196289.885,7171240.845,7171686.0,239.43349
BTC,2026-09-21 00:30:00,7171686.0,7194519.885,7171686.0,7184192.82,187.99727
BTC,2026-09-21 01:30:00,7184192.82,7188347.895,7175418.93,7176628.725,225.52232
BTC,2026-09-21 02:30:00,7176629.61,7176629.61,7131279.555,7162482.885,354.30196
BTC,2026-09-21 03:30:00,7162482.885,7194651.75,7148548.56,7188222.225,371.27801
BTC,2026-09-21 04:30:00,7188221.34,7197882.885,7180460.775,7184253.0,245.01823
BTC,2026-09-21 05:30:00,7184253.885,7243649.775,7184253.885,7222283.22,855.46281
BTC,2026-09-21 06:30:00,7222283.22,7265850.0,7155244.47,7168231.845,1183.18776
BTC,2026-09-21 07:30:00,7168232.73,7213989.885,7164282.975,7195988.985,488.74903
BTC,2026-09-21 08:30:00,7195988.985,7219476.885,7190625.0,7206132.855,378.81841
BTC,2026-09-21 09:30:00,7206133.74,7213568.625,7188691.275,7203900.885,436.96949
BTC,2026-09-21 10:30:00,7203900.0,7238592.885,7195231.425,7217175.0,458.38404
BTC,2026-09-21 11:30:00,7217175.885,7246289.73,7203900.0,7225131.15,532.02348
BTC,2026-09-21 12:30:00,7225132.035,7232727.99,7209070.17,7232220.885,624.88244
BTC,2026-09-21 13:30:00,7232220.885,7449407.85,7232220.0,7412760.0,4553.74746
BTC,2026-09-21 14:30:00,7412760.0,7549038.495,7407450.0,7491853.335,3826.57309
BTC,2026-09-21 15:30:00,7491852.45,7506253.17,7445523.585,7473096.645,1696.63605
BTC,2026-09-21 16:30:00,7473096.645,7515186.36,7468728.285,7512516.315,1151.00512
BTC,2026-09-21 17:30:00,7512516.315,7564420.68,7506570.0,7551085.5,2004.93408
BTC,2026-09-21 18:30:00,7551085.5,7597306.395,7502853.0,7563771.09,2331.00479
BTC,2026-09-21 19:30:00,7563771.975,7622062.5,7526925.0,7597206.39,2395.21576
BTC,2026-09-21 20:30:00,7597205.505,7641505.95,7593299.115,7604602.335,1968.31466
BTC,2026-09-21 21:30:00,7604602.335,7620180.105,7576256.67,7607629.035,1192.70075
BTC,2026-09-21 22:30:00,7607629.035,7620558.0,7581573.75,7601903.085,651.02583
BTC,2026-09-21 23:30:00,7601902.2,7617300.315,7593300.0,7615579.875,748.46369
BTC,2026-09-22 00:30:00,7615579.875,7690269.45,7609297.26,7654374.735,1357.8892
BTC,2026-09-22 01:30:00,7654374.735,7734516.795,7654374.735,7699648.68,1271.53725
BTC,2026-09-22 02:30:00,7699648.68,7699648.68,7658571.405,7663063.665,569.97751
BTC,2026-09-22 03:30:00,7663063.665,7678083.885,7637176.53,7651155.99,657.63026
BTC,2026-09-22 04:30:00,7651155.105,7672730.52,7643218.425,7665870.0,628.04576
BTC,2026-09-22 05:30:00,7665870.885,7666385.07,7599289.68,7601327.835,1126.88778
BTC,2026-09-22 06:30:00,7601328.72,7608680.415,7557481.395,7577036.355,890.84342
BTC,2026-09-22 07:30:00,7577036.355,7600313.625,7549050.0,7585768.65,898.97691
BTC,2026-09-22 08:30:00,7585769.535,7588875.885,7549050.885,7583815.455,703.23804
BTC,2026-09-22 09:30:00,7583815.455,7587125.355,7560130.2,7562502.0,594.93381
BTC,2026-09-22 10:30:00,7562502.885,7575600.0,7532589.0,7557667.245,844.33342
BTC,2026-09-22 11:30:00,7557668.13,7573964.52,7544625.0,7556484.885,582.94729
BTC,2026-09-22 12:30:00,7556485.77,7566750.0,7536421.935,7552944.0,1045.96764
BTC,2026-09-22 13:30:00,7552944.885,7644432.645,7551476.67,7630803.645,1208.65549
BTC,2026-09-22 14:30:00,7630803.645,7635002.97,7582841.955,7633478.115,951.86983
BTC,2026-09-22 15:30:00,7633478.115,7634187.885,7586489.04,7602504.0,634.44661
BTC,2026-09-22 16:30:00,7602504.0,7623567.885,7591022.895,7609815.87,661.52703
BTC,2026-09-22 17:30:00,7609815.87,7627124.7,7591753.02,7613124.885,1020.45206
BTC,2026-09-22 18:30:00,7613124.885,7643745.0,7572897.21,7641621.885,1218.84156
BTC,2026-09-22 19:30:00,7641621.885,7652646.33,7563345.405,7633833.885,1551.74098
BTC,2026-09-22 20:30:00,7633833.0,7674507.6,7622000.55,7647561.12,1020.77769
BTC,2026-09-22 21:30:00,7647560.235,7663064.55,7613936.43,7648270.005,1068.78379
BTC,2026-09-22 22:30:00,7648270.005,7669410.0,7632930.3,7661466.24,1073.02563
BTC,2026-09-22 23:30:00,7661466.24,7668441.81,7632363.9,7651837.44,1025.36943
BTC,2026-09-23 00:30:00,7651838.325,7662732.675,7623334.245,7628030.94,1139.5808
BTC,2026-09-23 01:30:00,7628031.825,7644481.32,7622682.0,7634364.885,646.72345
BTC,2026-09-23 02:30:00,7634364.885,7641444.885,7626753.0,7627284.885,334.95129
BTC,2026-09-23 03:30:00,7627284.0,7636134.885,7611000.0,7621974.885,473.14621
BTC,2026-09-23 04:30:00,7621974.885,7655619.045,7619434.935,7629457.56,610.43797
BTC,2026-09-23 05:30:00,7629458.445,7663064.55,7622805.9,7651471.05,617.38252
BTC,2026-09-23 06:30:00,7651471.935,7685817.015,7626021.99,7643745.0,781.39738
BTC,2026-09-23 07:30:00,7643745.885,7667476.275,7634010.885,7659875.01,553.16487
BTC,2026-09-23 08:30:00,7659875.895,7697332.635,7649616.975,7673327.895,495.62113
BTC,2026-09-23 09:30:00,7673327.895,7724150.79,7667286.0,7714275.075,876.93454
BTC,2026-09-23 10:30:00,7714274.19,7714275.075,7648524.0,7654896.885,734.60459
BTC,2026-09-23 11:30:00,7654896.0,7664978.805,7644187.5,7652564.91,728.90495
BTC,2026-09-23 12:30:00,7652565.795,7652565.795,7611000.0,7622042.145,902.10402
BTC,2026-09-23 13:30:00,7622042.145,7634364.885,7583388.0,7602149.115,908.01386
BTC,2026-09-23 14:30:00,7602149.115,7613124.885,7587459.885,7598108.205,592.82384
BTC,2026-09-23 15:30:00,7598109.09,7605160.77,7580799.375,7604191.695,574.90087
BTC,2026-09-23 16:30:00,7604191.695,7607994.54,7562402.88,7580020.575,706.12351
BTC,2026-09-23 17:30:00,7580021.46,7582241.04,7546157.82,7567715.535,731.94616
BTC,2026-09-23 18:30:00,7567714.65,7600203.885,7547988.0,7592592.885,1074.83799
BTC,2026-09-23 19:30:00,7592592.885,7605718.32,7421970.195,7481258.115,4612.32757
BTC,2026-09-23 20:30:00,7481259.0,7504269.885,7429575.0,7433646.885,1886.75286
BTC,2026-09-23 21:30:00,7433646.0,7466142.315,7389750.885,7437363.0,1490.08224
BTC,2026-09-23 22:30:00,7437363.885,7468741.56,7407385.395,7462900.56,1153.11912
BTC,2026-09-23 23:30:00,7462899.675,7470373.5,7446036.0,7463205.0,661.4068
BTC,2026-09-24 00:30:00,7463205.0,7484021.085,7454178.0,7479843.0,667.95349
BTC,2026-09-24 01:30:00,7479843.0,7484439.69,7453824.885,7454608.11,422.98773
BTC,2026-09-24 02:30:00,7454608.11,7479666.885,7452822.18,7471123.98,416.52546
BTC,2026-09-24 03:30:00,7471124.865,7493295.885,7464489.135,7483826.385,361.03249
BTC,2026-09-24 04:30:00,7483826.385,7484091.0,7465152.0,7469187.6,199.98478
BTC,2026-09-24 05:30:00,7469187.6,7477763.25,7452938.115,7462143.0,498.25449
BTC,2026-09-24 06:30:00,7462143.0,7475636.595,7439664.0,7443234.975,584.80296
BTC,2026-09-24 07:30:00,7443234.975,7466922.885,7411405.95,7466350.29,649.85626
BTC,2026-09-24 08:30:00,7466351.175,7476480.885,7420725.0,7428159.885,368.89645
BTC,2026-09-24 09:30:00,7428159.885,7438783.425,7414697.265,7438071.0,361.13702
BTC,2026-09-24 10:30:00,7438071.0,7469400.0,7430420.175,7432054.77,317.28584
BTC,2026-09-24 11:30:00,7432054.77,7453918.695,7426817.34,7444088.115,490.3723
BTC,2026-09-24 12:30:00,7444089.0,7488162.885,7429575.0,7480375.77,983.17968
BTC,2026-09-24 13:30:00,7480375.77,7489047.885,7372138.5,7403910.0,1604.94809
BTC,2026-09-24 14:30:00,7403910.885,7411293.555,7334431.305,7368859.575,1740.04754
BTC,2026-09-24 15:30:00,7368860.46,7395649.41,7359306.0,7390829.7,948.52494
BTC,2026-09-24 16:30:00,7390829.7,7400016.885,7380853.095,7389270.33,547.2589
BTC,2026-09-24 17:30:00,7389271.215,7404795.885,7376179.41,7398977.01,495.65647
BTC,2026-09-24 18:30:00,7398977.01,7464090.885,7398600.0,7456871.055,1073.28333
BTC,2026-09-24 19:30:00,7456870.17,7517406.825,7379915.88,7405128.645,2183.00027
BTC,2026-09-24 20:30:00,7405128.645,7475418.885,7390458.0,7470993.0,1011.03559
BTC,2026-09-24 21:30:00,7470993.885,7515774.885,7437895.77,7478279.205,1160.39204
BTC,2026-09-24 22:30:00,7478278.32,7483737.885,7435564.68,7443735.0,702.81371
BTC,2026-09-24 23:30:00,7443735.0,7483029.0,7424088.0,7476126.885,511.24518
BTC,2026-09-25 00:30:00,7476126.885,7492410.0,7460373.0,7470519.525,650.38242
BTC,2026-09-25 01:30:00,7470518.64,7478250.0,7449045.0,7466889.255,604.1686
BTC,2026-09-25 02:30:00,7466888.37,7478352.66,7459665.0,7464975.0,421.87972
BTC,2026-09-25 03:30:00,7464975.0,7466568.885,7429436.055,7458542.82,524.2865
BTC,2026-09-25 04:30:00,7458542.82,7475911.83,7457894.115,7470306.24,270.91141
BTC,2026-09-25 05:30:00,7470306.24,7497544.77,7470306.24,7486215.885,583.04093
BTC,2026-09-25 06:30:00,7486215.885,7504491.135,7466391.0,7488049.605,553.77183
BTC,2026-09-25 07:30:00,7488050.49,7512588.0,7449930.0,7454015.16,577.26362
BTC,2026-09-25 08:30:00,7454016.045,7468081.35,7439591.43,7454460.315,421.10752
BTC,2026-09-25 09:30:00,7454460.315,7460373.885,7439417.97,7452408.885,494.24466
BTC,2026-09-25 10:30:00,7452408.0,7464785.61,7442579.19,7451169.885,303.94989
BTC,2026-09-25 11:30:00,7451169.0,7459134.885,7428513.0,7437186.0,402.77283
BTC,2026-09-25 12:30:00,7437186.885,7442496.885,7411919.25,7437890.46,1342.44951
BTC,2026-09-25 13:30:00,7437890.46,7479312.0,7436564.73,7470909.81,686.85192
BTC,2026-09-25 14:30:00,7470908.925,7510995.0,7470908.925,7484445.885,698.57495
BTC,2026-09-25 15:30:00,7484446.77,7510995.0,7468869.0,7497158.91,540.8531
BTC,2026-09-25 16:30:00,7497159.795,7545067.5,7484181.27,7485563.64,1799.94837
BTC,2026-09-25 17:30:00,7485563.64,7496304.0,7425150.0,7475754.3,1293.76547
BTC,2026-09-25 18:30:00,7475753.415,7487100.885,7392410.31,7427248.335,1647.67121
BTC,2026-09-25 19:30:00,7427248.335,7436655.885,7361695.5,7435416.885,2047.65742
BTC,2026-09-25 20:30:00,7435416.885,7442142.885,7377681.255,7415946.885,1178.04356
BTC,2026-09-25 21:30:00,7415946.885,7444254.495,7409220.0,7411186.47,787.15982
BTC,2026-09-25 22:30:00,7411187.355,7433631.84,7401078.0,7414982.235,596.02916
BTC,2026-09-25 23:30:00,7414982.235,7441204.785,7414982.235,7431168.0,341.90397
BTC,2026-09-26 00:30:00,7431168.885,7440923.355,7428159.0,7435770.885,328.96659
BTC,2026-09-26 01:30:00,7435770.885,7451115.015,7417883.265,7423911.0,308.93872
BTC,2026-09-26 02:30:00,7423911.885,7427040.36,7401434.655,7415592.0,365.84717
BTC,2026-09-26 03:30:00,7415592.0,7444916.475,7413225.51,7441349.925,367.91947
BTC,2026-09-26 04:30:00,7441349.925,7443381.0,7435770.0,7442849.115,387.5335
BTC,2026-09-26 05:30:00,7442850.0,7446855.51,7416123.0,7426035.885,384.81627
BTC,2026-09-26 06:30:00,7426035.885,7441611.885,7425744.72,7440784.41,380.38641
BTC,2026-09-26 07:30:00,7440785.295,7446266.1,7433646.0,7434885.0,353.25072
BTC,2026-09-26 08:30:00,7434885.0,7438409.955,7426033.23,7428601.5,235.38951
BTC,2026-09-26 09:30:00,7428602.385,7438040.025,7420628.535,7431876.0,366.5919
BTC,2026-09-26 10:30:00,7431876.885,7435144.305,7424377.395,7426892.565,196.5401
BTC,2026-09-26 11:30:00,7426892.565,7431168.885,7423077.33,7424372.97,292.11571
BTC,2026-09-26 12:30:00,7424373.855,7445859.885,7424373.855,7444336.8,280.35605
BTC,2026-09-26 13:30:00,7444335.915,7463820.96,7436837.31,7453470.885,377.1799
BTC,2026-09-26 14:30:00,7453470.885,7453470.885,7430993.655,7435942.575,300.20233
BTC,2026-09-26 15:30:00,7435943.46,7450368.075,7435942.575,7449922.92,213.98608
BTC,2026-09-26 16:30:00,7449922.92,7451697.345,7445574.915,7449576.0,198.01949
BTC,2026-09-26 17:30:00,7449576.0,7452131.88,7438425.0,7438593.15,235.98415
BTC,2026-09-26 18:30:00,7438592.265,7445102.325,7421276.355,7428610.35,442.96191
BTC,2026-09-26 19:30:00,7428611.235,7438353.315,7426840.35,7435770.0,252.95346
BTC,2026-09-26 20:30:00,7435770.885,7450815.0,7434928.365,7447805.115,441.81063
BTC,2026-09-26 21:30:00,7447806.0,7449428.205,7442688.93,7444620.0,264.1412
BTC,2026-09-26 22:30:00,7444620.0,7445718.285,7437709.92,7445717.4,379.58461
BTC,2026-09-26 23:30:00,7445717.4,7448383.02,7433115.0,7433883.18,395.31178
BTC,2026-09-27 00:30:00,7433883.18,7438260.39,7431941.49,7435471.755,328.15515
BTC,2026-09-27 01:30:00,7435471.755,7442662.38,7419663.0,7436685.09,225.50053
BTC,2026-09-27 02:30:00,7436685.975,7457262.225,7436685.09,7448049.375,273.42687
BTC,2026-09-27 03:30:00,7448048.49,7471222.215,7448048.49,7458426.885,558.3193
BTC,2026-09-27 04:30:00,7458426.885,7475911.83,7458426.0,7472329.35,681.08059
BTC,2026-09-27 05:30:00,7472330.235,7473228.51,7456750.695,7461081.885,184.36474
BTC,2026-09-27 06:30:00,7461081.885,7484545.005,7458942.84,7477808.385,302.85952
BTC,2026-09-27 07:30:00,7477808.385,7481790.885,7473648.0,7473825.0,221.93995
BTC,2026-09-27 08:30:00,7473825.885,7479896.1,7466922.0,7469590.275,195.71508
BTC,2026-09-27 09:30:00,7469590.275,7479135.0,7461023.475,7463169.6,202.10127
BTC,2026-09-27 10:30:00,7463170.485,7491880.77,7462762.5,7476308.31,357.82469
BTC,2026-09-27 11:30:00,7476308.31,7490366.535,7476308.31,7479284.565,440.61295
BTC,2026-09-27 12:30:00,7479284.565,7504003.5,7478250.0,7504003.5,475.5529
BTC,2026-09-27 13:30:00,7504002.615,7512232.23,7495302.18,7504800.0,957.18622
BTC,2026-09-27 14:30:00,7504800.0,7518870.615,7486215.0,7517544.885,1322.2286
BTC,2026-09-27 15:30:00,7517544.885,7532911.14,7504800.0,7512145.5,545.16779
BTC,2026-09-27 16:30:00,7512144.615,7517721.885,7507991.31,7513473.0,251.99141
BTC,2026-09-27 17:30:00,7513473.0,7526439.135,7504977.885,7504977.885,294.04359
BTC,2026-09-27 18:30:00,7504977.885,7536574.155,7490439.105,7525191.285,546.25175
BTC,2026-09-27 19:30:00,7525191.285,7526760.39,7473825.0,7481614.77,539.04021
BTC,2026-09-27 20:30:00,7481613.885,7490994.885,7466214.0,7475008.245,477.19429
BTC,2026-09-27 21:30:00,7475009.13,7494827.82,7467630.0,7471701.0,303.32281
BTC,2026-09-27 22:30:00,7471701.0,7484799.885,7464267.0,7484799.0,248.02128
BTC,2026-09-27 23:30:00,7484799.0,7506635.49,7484082.15,7506469.995,245.93692
BTC,2026-09-28 00:30:00,7506469.995,7508605.5,7492941.0,7499136.885,208.94856
BTC,2026-09-28 01:30:00,7499137.77,7505950.5,7482498.0,7482852.0,221.75687
BTC,2026-09-28 02:30:00,7482852.885,7497704.07,7474533.0,7494894.195,248.48896
BTC,2026-09-28 03:30:00,7494894.195,7500906.885,7446016.53,7451281.395,432.15056
BTC,2026-09-28 04:30:00,7451281.395,7481082.885,7445682.0,7475772.0,392.42871
BTC,2026-09-28 05:30:00,7475772.885,7522411.5,7446390.0,7446390.0,772.04412
BTC,2026-09-28 06:30:00,7446390.0,7455139.995,7399821.3,7406957.055,1023.29324
BTC,2026-09-28 07:30:00,7406956.17,7414713.195,7379932.695,7382514.24,872.84472
BTC,2026-09-28 08:30:00,7382573.535,7392978.48,7364085.0,7375466.1,696.19046
BTC,2026-09-28 09:30:00,7375466.1,7392051.885,7366032.0,7388883.585,488.21735
BTC,2026-09-28 10:30:00,7388882.7,7392759.885,7319394.27,7361784.885,1445.71416
BTC,2026-09-28 11:30:00,7361784.0,7371681.84,7349571.0,7360083.03,634.32079
BTC,2026-09-28 12:30:00,7360083.03,7371311.91,7338420.0,7342491.885,1134.53116
BTC,2026-09-28 13:30:00,7342491.0,7359689.205,7326384.0,7342137.0,1994.51621
BTC,2026-09-28 14:30:00,7342137.885,7345824.795,7309883.175,7315941.885,1165.04903
BTC,2026-09-28 15:30:00,7315941.885,7351209.135,7315941.885,7341960.0,804.82256
BTC,2026-09-28 16:30:00,7341960.885,7355323.5,7341960.0,7352804.79,835.88182
BTC,2026-09-28 17:30:00,7352803.905,7401381.555,7346515.98,7396807.875,1210.60365
BTC,2026-09-28 18:30:00,7396807.875,7418070.0,7372997.835,7402316.115,1176.20149
BTC,2026-09-28 19:30:00,7402316.115,7402317.0,7306825.5,7347270.0,1496.68398
BTC,2026-09-28 20:30:00,7347270.885,7380650.43,7327092.0,7378245.0,1411.06683
BTC,2026-09-28 21:30:00,7378245.0,7450717.65,7368156.0,7409494.35,1107.71891
BTC,2026-09-28 22:30:00,7409494.35,7467745.05,7395335.235,7423409.205,811.05402
BTC,2026-09-28 23:30:00,7423410.09,7438002.855,7416300.0,7437645.315,431.21621
BTC,2026-09-29 00:30:00,7437645.315,7438002.855,7355951.85,7379974.29,510.926
BTC,2026-09-29 01:30:00,7379973.405,7399821.3,7369395.0,7393998.0,281.2084
BTC,2026-09-29 02:30:00,7393998.885,7404264.885,7364439.0,7364793.885,212.62495
BTC,2026-09-29 03:30:00,7364793.885,7393644.885,7354350.0,7393644.885,266.26006
BTC,2026-09-29 04:30:00,7393644.885,7401847.95,7385767.5,7389750.885,177.7345
BTC,2026-09-29 05:30:00,7389750.885,7400370.885,7361695.5,7361933.565,543.35625
BTC,2026-09-29 06:30:00,7361933.565,7366916.115,7325670.69,7351518.0,755.14095
BTC,2026-09-29 07:30:00,7351518.885,7359306.885,7335881.82,7342614.9,450.3598
BTC,2026-09-29 08:30:00,7342615.785,7364085.885,7333641.885,7351694.115,308.8323
BTC,2026-09-29 09:30:00,7351695.0,7371661.485,7347662.055,7364348.73,350.37336
BTC,2026-09-29 10:30:00,7364348.73,7383958.56,7342942.35,7383645.27,359.15809
BTC,2026-09-29 11:30:00,7383644.385,7435569.99,7382670.885,7434624.81,657.44864
BTC,2026-09-29 12:30:00,7434625.695,7451700.0,7422825.99,7432315.845,614.40314
BTC,2026-09-29 13:30:00,7432315.845,7466568.885,7416300.0,7422849.885,650.67911
BTC,2026-09-29 14:30:00,7422849.885,7463111.19,7412795.4,7456833.885,883.3981
BTC,2026-09-29 15:30:00,7456833.885,7463449.26,7432937.115,7436698.365,509.50694
BTC,2026-09-29 16:30:00,7436699.25,7478250.0,7428417.42,7465683.885,492.05356
BTC,2026-09-29 17:30:00,7465683.0,7477275.615,7445770.5,7463457.225,590.42788
BTC,2026-09-29 18:30:00,7463457.225,7483913.115,7436235.51,7451700.885,856.91501
BTC,2026-09-29 19:30:00,7451700.885,7459488.885,7406388.0,7412052.885,1050.62321
BTC,2026-09-29 20:30:00,7412052.0,7412428.125,7337535.0,7351518.0,1492.11066
BTC,2026-09-29 21:30:00,7351518.0,7371165.0,7336650.0,7350922.395,684.06981
BTC,2026-09-29 22:30:00,7350923.28,7364793.885,7344172.5,7352403.885,383.29698
BTC,2026-09-29 23:30:00,7352403.885,7407450.0,7352403.885,7402140.0,394.02033
BTC,2026-09-30 00:30:00,7402140.0,7407450.0,7380767.25,7398069.885,320.21817
BTC,2026-09-30 01:30:00,7398069.885,7403454.225,7390458.0,7400050.515,204.262
BTC,2026-09-30 02:30:00,7400049.63,7400050.515,7379484.0,7390103.115,344.15954
BTC,2026-09-30 03:30:00,7390103.115,7409397.885,7390103.115,7399662.885,274.89307
BTC,2026-09-30 04:30:00,7399662.0,7420636.5,7399662.0,7404233.91,291.84641
BTC,2026-09-30 05:30:00,7404233.91,7410234.21,7376013.03,7385622.36,410.86191
BTC,2026-09-30 06:30:00,7385622.36,7394209.515,7375281.135,7385148.885,408.46614
BTC,2026-09-30 07:30:00,7385148.885,7400446.995,7371873.0,7379544.18,342.33881
BTC,2026-09-30 08:30:00,7379544.18,7383334.635,7361046.795,7372107.525,264.75568
BTC,2026-09-30 09:30:00,7372107.525,7383849.705,7364085.0,7364085.885,286.48367
BTC,2026-09-30 10:30:00,7364085.885,7391695.23,7362138.885,7379484.0,440.8336
BTC,2026-09-30 11:30:00,7379484.885,7384263.885,7343730.0,7349317.89,530.29994
BTC,2026-09-30 12:30:00,7349317.89,7387095.0,7341615.735,7372485.42,688.1658
BTC,2026-09-30 13:30:00,7372485.42,7375582.035,7347596.565,7351023.285,628.26691
BTC,2026-09-30 14:30:00,7351023.285,7417398.285,7350633.0,7401432.885,644.75388
BTC,2026-09-30 15:30:00,7401432.885,7429575.0,7401432.885,7426743.885,758.46227
BTC,2026-09-30 16:30:00,7426743.0,7432328.235,7407096.0,7426491.66,449.16897
BTC,2026-09-30 17:30:00,7426492.545,7567989.0,7413468.0,7548193.32,3850.10161
BTC,2026-09-30 18:30:00,7548193.32,7580020.575,7435716.015,7490439.99,2383.56099
BTC,2026-09-30 19:30:00,7490439.99,7491067.455,7378510.5,7416300.885,1897.96585
BTC,2026-09-30 20:30:00,7416300.885,7460170.335,7406919.0,7445897.055,810.9913
BTC,2026-09-30 21:30:00,7445897.055,7477365.885,7445897.055,7464925.44,571.82403
BTC,2026-09-30 22:30:00,7464925.44,7472520.51,7427248.335,7436784.21,592.67571
BTC,2026-09-30 23:30:00,7436785.095,7440951.675,7415678.73,7429575.0,432.13033
BTC,2026-10-01 00:30:00,7429575.885,7430283.885,7390031.43,7398879.66,502.3693
BTC,2026-10-01 01:30:00,7398879.66,7413747.66,7392414.735,7405148.115,420.0892
BTC,2026-10-01 02:30:00,7405148.115,7417966.455,7405148.115,7412558.22,302.08867
BTC,2026-10-01 03:30:00,7412559.105,7420282.5,7396855.665,7406197.725,214.8942
BTC,2026-10-01 04:30:00,7406198.61,7419492.195,7391843.025,7400688.6,691.27124
BTC,2026-10-01 05:30:00,7400687.715,7403910.885,7383537.3,7390549.155,451.69518
BTC,2026-10-01 06:30:00,7390549.155,7406742.0,7388174.7,7391349.195,343.4474
BTC,2026-10-01 07:30:00,7391349.195,7404618.885,7381819.515,7388934.03,362.14695
BTC,2026-10-01 08:30:00,7388934.03,7414542.39,7383075.33,7412229.885,325.01626
BTC,2026-10-01 09:30:00,7412229.885,7452366.405,7409255.4,7443735.885,514.62822
BTC,2026-10-01 10:30:00,7443735.885,7466568.0,7436832.0,7459795.98,420.04452
BTC,2026-10-01 11:30:00,7459796.865,7471142.565,7443359.76,7444748.325,398.59463
BTC,2026-10-01 12:30:00,7444748.325,7452954.93,7373971.335,7383548.805,1433.53387
BTC,2026-10-01 13:30:00,7383548.805,7397045.94,7361961.0,7395676.845,1428.79733
BTC,2026-10-01 14:30:00,7395677.73,7424796.885,7394923.71,7414707.885,721.11462
BTC,2026-10-01 15:30:00,7414707.885,7442673.885,7382513.355,7431015.78,465.6863
BTC,2026-10-01 16:30:00,7431014.895,7438248.885,7414600.8,7425659.76,424.0186
BTC,2026-10-01 17:30:00,7425659.76,7438779.885,7403646.27,7410637.77,410.88076
BTC,2026-10-01 18:30:00,7410637.77,7436104.53,7380900.0,7428660.795,998.33278
BTC,2026-10-01 19:30:00,7428566.1,7463382.885,7394410.41,7438482.525,1143.4352
BTC,2026-10-01 20:30:00,7438482.525,7499844.0,7419131.115,7448394.525,2235.93216
BTC,2026-10-01 21:30:00,7448395.41,7489399.23,7439664.0,7451877.885,751.73824
BTC,2026-10-01 22:30:00,7451877.0,7529478.225,7451523.0,7514358.885,1161.14234
BTC,2026-10-01 23:30:00,7514358.0,7546718.025,7493384.385,7504978.77,823.15515
BTC,2026-10-02 00:30:00,7504978.77,7512942.885,7485844.185,7493769.36,467.44684
BTC,2026-10-02 01:30:00,7493769.36,7510114.425,7483873.29,7490109.0,394.36355
BTC,2026-10-02 02:30:00,7490109.885,7494834.9,7477661.475,7482231.615,302.67133
BTC,2026-10-02 03:30:00,7482231.615,7503738.885,7481535.12,7500351.105,453.96769
BTC,2026-10-02 04:30:00,7500351.99,7513650.0,7491055.065,7511884.425,334.26683
BTC,2026-10-02 05:30:00,7511884.425,7518825.48,7496396.04,7503462.765,801.38264
BTC,2026-10-02 06:30:00,7503462.765,7521295.515,7480020.0,7514535.0,372.71637
BTC,2026-10-02 07:30:00,7514535.885,7539312.345,7510686.135,7539138.0,641.82776
BTC,2026-10-02 08:30:00,7539137.115,7572856.5,7539137.115,7567891.65,779.56243
BTC,2026-10-02 09:30:00,7567890.765,7691778.375,7562622.36,7668712.62,2677.54548
BTC,2026-10-02 10:30:00,7668712.62,7670326.86,7601554.395,7611177.885,880.04033
BTC,2026-10-02 11:30:00,7611177.885,7619727.87,7599965.82,7610376.075,827.15501
BTC,2026-10-02 12:30:00,7610376.96,7625469.75,7590419.325,7618934.025,1220.73978
BTC,2026-10-02 13:30:00,7618933.14,7667693.985,7616511.78,7631886.0,736.95845
BTC,2026-10-02 14:30:00,7631886.885,7649232.885,7620558.0,7643215.77,1441.30154
BTC,2026-10-02 15:30:00,7643214.885,7655250.0,7626222.0,7637337.6,452.52546
BTC,2026-10-02 16:30:00,7637337.6,7660781.25,7635249.0,7648599.225,469.71424
BTC,2026-10-02 17:30:00,7648599.225,7718970.0,7638258.0,7682685.0,1981.72073
BTC,2026-10-02 18:30:00,7682685.885,7712775.0,7652216.22,7661006.925,1254.08298
BTC,2026-10-02 19:30:00,7661007.81,7685163.885,7557407.94,7583293.305,2161.00785
BTC,2026-10-02 20:30:00,7583293.305,7589654.685,7536916.65,7551351.0,1180.77792
BTC,2026-10-02 21:30:00,7551351.0,7567458.0,7524093.0,7536660.885,674.74913
BTC,2026-10-02 22:30:00,7536660.0,7545333.885,7460550.0,7502565.375,3627.53644
BTC,2026-10-02 23:30:00,7502565.375,7513650.0,7424088.0,7457187.885,1168.56135
BTC,2026-10-03 00:30:00,7457187.885,7465379.445,7431838.83,7461902.28,1115.36515
BTC,2026-10-03 01:30:00,7461901.395,7481081.115,7454532.885,7474625.04,602.58932
BTC,2026-10-03 02:30:00,7474625.04,7482184.71,7471347.885,7481054.565,339.92666
BTC,2026-10-03 03:30:00,7481053.68,7484198.97,7474710.0,7483560.0,664.66409
BTC,2026-10-03 04:30:00,7483559.115,7486215.885,7477188.0,7479843.885,425.46843
BTC,2026-10-03 05:30:00,7479843.0,7494735.78,7474357.77,7492419.735,312.84604
BTC,2026-10-03 06:30:00,7492419.735,7497771.33,7487824.815,7490640.0,238.75301
BTC,2026-10-03 07:30:00,7490640.885,7496072.13,7487100.0,7487100.0,223.23756
BTC,2026-10-03 08:30:00,7487100.885,7495911.06,7480252.755,7495911.06,210.83043
BTC,2026-10-03 09:30:00,7495911.06,7498166.04,7480462.5,7485084.855,152.17541
BTC,2026-10-03 10:30:00,7485084.855,7491879.885,7482952.89,7491709.965,147.94097
BTC,2026-10-03 11:30:00,7491709.965,7493649.885,7482675.0,7485861.0,272.31113
BTC,2026-10-03 12:30:00,7485861.885,7491348.885,7483560.0,7483560.0,376.02149
BTC,2026-10-03 13:30:00,7483560.0,7491035.595,7483326.36,7488516.885,244.08048
BTC,2026-10-03 14:30:00,7488517.77,7492930.38,7485329.115,7487100.885,171.70699
BTC,2026-10-03 15:30:00,7487100.0,7491458.625,7484504.295,7490297.505,340.60544
BTC,2026-10-03 16:30:00,7490297.505,7495596.885,7488518.655,7493472.885,188.03827
BTC,2026-10-03 17:30:00,7493472.885,7515992.595,7493472.0,7512589.77,386.40345
BTC,2026-10-03 18:30:00,7512589.77,7519154.7,7502175.975,7510998.54,249.99909
BTC,2026-10-03 19:30:00,7510997.655,7510998.54,7499971.44,7509756.885,225.56868
BTC,2026-10-03 20:30:00,7509756.885,7511795.925,7501369.74,7510754.28,366.2032
BTC,2026-10-03 21:30:00,7510753.395,7511880.885,7503207.885,7510820.655,215.1409
BTC,2026-10-03 22:30:00,7510819.77,7523562.885,7508340.0,7523562.0,331.84245
BTC,2026-10-03 23:30:00,7523562.885,7525830.255,7515420.0,7518074.115,214.78266
BTC,2026-10-04 00:30:00,7518075.0,7518075.0,7495950.0,7508561.25,235.32267
BTC,2026-10-04 01:30:00,7508561.25,7515035.025,7497189.0,7500352.875,195.35495
BTC,2026-10-04 02:30:00,7500353.76,7502489.265,7483383.0,7497290.775,288.71382
BTC,2026-10-04 03:30:00,7497290.775,7505242.5,7495395.105,7502676.885,382.2788
BTC,2026-10-04 04:30:00,7502677.77,7506427.515,7496672.16,7500690.06,919.47834
BTC,2026-10-04 05:30:00,7500690.945,7511113.59,7500690.06,7503915.0,385.03292
BTC,2026-10-04 06:30:00,7503915.0,7506135.465,7497719.115,7505029.215,191.4151
BTC,2026-10-04 07:30:00,7505030.1,7511622.465,7503122.925,7504992.045,278.14026
BTC,2026-10-04 08:30:00,7504992.045,7512765.0,7504482.285,7508416.995,226.78471
BTC,2026-10-04 09:30:00,7508417.88,7508694.885,7505517.735,7505856.69,75.91338
BTC,2026-10-04 10:30:00,7505856.69,7515820.905,7505827.485,7514712.885,226.7738
BTC,2026-10-04 11:30:00,7514712.885,7528919.79,7511630.43,7525308.99,295.71975
BTC,2026-10-04 12:30:00,7525308.99,7532469.525,7515819.135,7531881.0,244.47366
BTC,2026-10-04 13:30:00,7531881.885,7539831.84,7525419.615,7531923.48,321.07586
BTC,2026-10-04 14:30:00,7531923.48,7552550.175,7527663.09,7543194.84,335.31305
BTC,2026-10-04 15:30:00,7543194.84,7560378.885,7542278.865,7545864.885,336.01948
BTC,2026-10-04 16:30:00,7545864.885,7550834.16,7540523.025,7549887.21,251.80423
BTC,2026-10-04 17:30:00,7549888.095,7556926.5,7531101.315,7533822.69,359.28965
BTC,2026-10-04 18:30:00,7533822.69,7550944.785,7533353.64,7543840.89,218.78092
BTC,2026-10-04 19:30:00,7543841.775,7547280.0,7530819.0,7547141.94,259.5112
BTC,2026-10-04 20:30:00,7547142.825,7564095.0,7543974.525,7545156.885,287.83382
BTC,2026-10-04 21:30:00,7545156.885,7560834.66,7538296.365,7555599.0,195.74952
BTC,2026-10-04 22:30:00,7555599.0,7562679.885,7550628.84,7550778.405,159.08745
BTC,2026-10-04 23:30:00,7550779.29,7554536.115,7550112.885,7552487.34,134.17639
BTC,2026-10-05 00:30:00,7552487.34,7573299.885,7552485.57,7560378.0,258.95128
BTC,2026-10-05 01:30:00,7560378.0,7600100.34,7557574.32,7595462.94,378.12584
BTC,2026-10-05 02:30:00,7595463.825,7616860.47,7591422.03,7599089.67,538.27693
BTC,2026-10-05 03:30:00,7599090.555,7671745.515,7599090.555,7648878.885,1218.87676
BTC,2026-10-05 04:30:00,7648878.885,7681800.0,7646046.0,7657905.0,815.98799
BTC,2026-10-05 05:30:00,7657905.0,7673884.56,7628700.0,7668742.71,686.05472
BTC,2026-10-05 06:30:00,7668741.825,7699421.235,7652411.805,7665454.935,1157.27858
BTC,2026-10-05 07:30:00,7665454.935,7675474.02,7647285.0,7657197.0,747.2868
BTC,2026-10-05 08:30:00,7657197.885,7658204.13,7612725.75,7618525.155,494.75767
BTC,2026-10-05 09:30:00,7618524.27,7623616.56,7565422.5,7570114.77,896.91557
BTC,2026-10-05 10:30:00,7570114.77,7591884.885,7558962.0,7590429.945,673.05079
BTC,2026-10-05 11:30:00,7590430.83,7643343.21,7590429.945,7634010.0,619.08466
BTC,2026-10-05 12:30:00,7634010.885,7654188.885,7623744.0,7633369.26,700.925
BTC,2026-10-05 13:30:00,7633369.26,7655117.25,7616320.62,7629673.5,575.99899
BTC,2026-10-05 14:30:00,7629673.5,7630824.885,7591227.33,7608432.615,903.50235
BTC,2026-10-05 15:30:00,7608432.615,7629231.885,7607460.0,7621366.89,427.17971
BTC,2026-10-05 16:30:00,7621367.775,7634895.885,7603096.065,7630116.0,388.85881
BTC,2026-10-05 17:30:00,7630116.885,7630116.885,7597194.0,7602504.885,358.75897
BTC,2026-10-05 18:30:00,7602504.0,7654363.23,7594362.0,7649232.885,964.00693
BTC,2026-10-05 19:30:00,7649232.0,7675173.12,7562325.0,7579605.51,2137.96527
BTC,2026-10-05 20:30:00,7579604.625,7582149.885,7537920.24,7546375.53,1061.35364
BTC,2026-10-05 21:30:00,7546376.415,7551766.95,7520022.885,7549050.0,823.59491
BTC,2026-10-05 22:30:00,7549050.0,7561440.0,7541108.895,7560487.74,373.32198
BTC,2026-10-05 23:30:00,7560487.74,7579950.66,7552395.3,7579948.89,452.68324
BTC,2026-10-06 00:30:00,7579949.775,7592903.52,7571528.115,7586574.0,342.49756
BTC,2026-10-06 01:30:00,7586574.0,7598610.0,7579494.0,7591878.69,259.18648
BTC,2026-10-06 02:30:00,7591879.575,7610469.885,7584323.445,7606485.615,311.44555
BTC,2026-10-06 03:30:00,7606485.615,7613427.555,7597513.485,7604628.885,467.3231
BTC,2026-10-06 04:30:00,7604628.885,7616557.8,7586985.525,7590367.995,363.74482
BTC,2026-10-06 05:30:00,7590367.995,7608168.885,7590367.995,7602327.885,560.80792
BTC,2026-10-06 06:30:00,7602327.885,7622544.825,7575600.885,7581699.42,452.9328
BTC,2026-10-06 07:30:00,7581699.42,7589229.885,7562738.295,7570106.805,331.14617
BTC,2026-10-06 08:30:00,7570107.69,7575600.885,7551110.28,7568189.895,295.14289
BTC,2026-10-06 09:30:00,7568189.895,7578786.885,7568023.515,7577724.885,258.50365
BTC,2026-10-06 10:30:00,7577724.0,7588796.235,7567812.0,7568373.975,243.68541
BTC,2026-10-06 11:30:00,7568374.86,7568374.86,7534545.735,7549935.0,522.06206
BTC,2026-10-06 12:30:00,7549935.0,7578814.32,7547280.0,7571617.5,850.06811
BTC,2026-10-06 13:30:00,7571618.385,7617018.885,7571175.0,7613379.765,592.31543
BTC,2026-10-06 14:30:00,7613379.765,7631303.67,7580787.87,7610292.885,734.42688
BTC,2026-10-06 15:30:00,7610292.0,7634460.465,7607146.71,7624907.775,520.78887
BTC,2026-10-06 16:30:00,7624907.775,7644474.24,7617195.885,7632417.885,527.5608
BTC,2026-10-06 17:30:00,7632417.885,7647171.72,7621630.62,7629939.885,462.38378
BTC,2026-10-06 18:30:00,7629939.0,7654188.0,7609044.15,7639674.885,726.98748
BTC,2026-10-06 19:30:00,7639674.885,7666444.365,7606575.0,7663711.485,1008.47529
BTC,2026-10-06 20:30:00,7663710.6,7672860.615,7586276.64,7586277.525,1184.68567
BTC,2026-10-06 21:30:00,7586277.525,7598105.55,7573122.0,7574468.97,772.03373
BTC,2026-10-06 22:30:00,7574468.97,7588465.245,7564803.0,7586168.67,416.42147
BTC,2026-10-06 23:30:00,7586169.555,7594539.885,7567205.775,7567375.695,407.3522
BTC,2026-10-07 00:30:00,7567375.695,7582941.075,7559758.5,7576839.0,480.39719
BTC,2026-10-07 01:30:00,7576839.0,7581618.885,7573830.0,7580251.56,213.90661
